,Mean,Std,Max,Min,ExtremeVariance
GM_0,-0.0004706873,0.0035783306,0.035824187,-0.02722437,0.06304856
GM_1,0.00066167035,0.0075213397,0.074242346,-0.052861325,0.12710367
GM_2,0.00084999285,0.009882489,0.06556822,-0.05679327,0.122361496
GM_3,0.0014292222,0.004400618,0.037266552,-0.02731407,0.06458062
GM_4,-0.0047999984,0.0037017209,0.0163055,-0.051847264,0.06815276
GM_5,0.001139005,0.0024697736,0.024595547,-0.03214664,0.056742188
GM_6,-0.0012228463,0.0018637184,0.010773263,-0.02666193,0.037435193
GM_7,-0.0009079359,0.0017031474,0.0062661604,-0.034842875,0.041109037
GM_8,-0.00018796297,0.006096017,0.04118988,-0.038919944,0.08010982
GM_9,0.0023936378,0.005082699,0.065692775,-0.025179217,0.09087199
GM_10,0.0019598964,0.0050547034,0.05632322,-0.06347487,0.119798094
GM_11,0.0022095896,0.0049285074,0.03947826,-0.03487149,0.074349746
GM_12,-0.0016053746,0.0054135695,0.029523881,-0.052697867,0.08222175
GM_13,-0.0012656471,0.0074958317,0.06975892,-0.08137405,0.15113297
GM_14,0.00080259907,0.004953875,0.03866355,-0.02202034,0.06068389
GM_15,0.00019882145,0.007504775,0.06026315,-0.049561538,0.10982469
GM_16,-0.0007123999,0.0016999856,0.008621919,-0.016823046,0.025444966
GM_17,0.0024859789,0.0041483673,0.033886094,-0.027847141,0.061733235
GM_18,-0.0020764105,0.0038557088,0.02258541,-0.027478253,0.050063662
GM_19,0.00010350784,0.010652089,0.06502321,-0.069784105,0.13480732
GM_20,-0.004062518,0.006479151,0.019271592,-0.058428913,0.0777005
GM_21,-0.0008859238,0.0021031187,0.010355868,-0.023716139,0.034072008
GM_22,-0.002873065,0.009258658,0.045009993,-0.05861117,0.10362116
GM_23,0.00017752619,0.004482307,0.12586322,-0.036842175,0.16270539
GM_24,-0.0007799015,0.0062123626,0.044017017,-0.033879448,0.07789646
GM_25,0.004059724,0.008081439,0.08609707,-0.04626134,0.1323584
GM_26,0.001583209,0.006768392,0.0627179,-0.053864777,0.11658268
GM_27,0.00059023575,0.003386063,0.023296414,-0.022331636,0.04562805
GM_28,-0.0028402342,0.00885503,0.048297748,-0.06437026,0.11266801
GM_29,0.0046386044,0.0064625936,0.05335189,-0.019227404,0.072579294
GM_30,5.3260996e-05,0.005759491,0.033570345,-0.033231314,0.06680166
GM_31,0.00063460885,0.006170396,0.03623296,-0.03349461,0.06972757
GM_32,-0.0024731983,0.0052225366,0.017237289,-0.054633256,0.07187054
GM_33,0.0019050287,0.0039252862,0.032934565,-0.018554166,0.05148873
GM_34,0.0001578489,0.004639238,0.034270234,-0.033994336,0.068264574
GM_35,-0.0002985377,0.0057455706,0.051683486,-0.037815977,0.08949946
GM_36,0.00018259868,0.0071897274,0.057851262,-0.034623712,0.092474975
GM_37,0.00095044373,0.0035759436,0.021983372,-0.022251608,0.04423498
GM_38,0.010089322,0.007218224,0.06861958,-0.010470906,0.07909048
GM_39,-0.012651637,0.018162038,0.093965665,-0.11719371,0.21115938
GM_40,-9.878908e-05,0.002924717,0.024188869,-0.015859097,0.040047966
GM_41,0.0039501158,0.00746229,0.13907933,-0.03136701,0.17044634
GM_42,0.0008130109,0.0021955557,0.021480648,-0.031333856,0.052814506
GM_43,-0.004745927,0.006518461,0.02801692,-0.054305524,0.08232244
GM_44,-0.0007718581,0.0043873037,0.027859889,-0.0462376,0.074097484
GM_45,-0.001610208,0.0070335018,0.04134893,-0.045011897,0.08636083
GM_46,-0.00219644,0.0029714599,0.0104455585,-0.023079555,0.033525113
GM_47,0.0014541766,0.004663083,0.03176493,-0.027215576,0.058980502
GM_48,0.0003813644,0.0053974288,0.04529369,-0.03190937,0.07720306
GM_49,0.0003382937,0.0037720376,0.03108805,-0.034723226,0.06581128
GM_50,0.00072796637,0.0062097777,0.053816736,-0.03297839,0.08679512
GM_51,0.0002889998,0.0061533637,0.05670171,-0.045340434,0.10204214
GM_52,0.0015009402,0.0032638314,0.032371417,-0.015895795,0.04826721
GM_53,3.910936e-05,0.009019928,0.04262249,-0.07202634,0.114648834
GM_54,-0.0018357491,0.004722529,0.033266596,-0.03827444,0.07154104
GM_55,0.0011777972,0.0063819126,0.082252204,-0.02628005,0.10853225
GM_56,-0.0003123057,0.0061813258,0.049572315,-0.07474803,0.12432034
GM_57,6.782521e-05,0.0037578284,0.023928981,-0.025928153,0.049857132
GM_58,-0.0040921844,0.041422687,0.26447773,-0.19466646,0.45914418
GM_59,0.0009975972,0.0018427571,0.016252259,-0.008889963,0.025142223
GM_60,0.00093474187,0.005758855,0.03440953,-0.05090918,0.085318714
GM_61,0.0016646658,0.0049215383,0.052503824,-0.024615057,0.07711888
GM_62,-0.0010486168,0.0019380783,0.009040427,-0.0249498,0.033990227
GM_63,0.00011005517,0.0047620186,0.03995951,-0.040647354,0.08060686
GM_64,0.0014905849,0.0054761735,0.05212155,-0.01995064,0.07207219
GM_65,0.0045106094,0.0056987773,0.037073612,-0.039665412,0.07673903
GM_66,4.7807298e-05,0.007041054,0.06385901,-0.04029181,0.10415082
GM_67,-0.00018480603,0.004962882,0.044250753,-0.05471873,0.09896948
GM_68,0.001084591,0.0050678,0.048715487,-0.029232016,0.077947505
GM_69,-0.0019082259,0.0035664653,0.014716224,-0.03693268,0.051648904
GM_70,0.00012397864,0.0031274008,0.028803501,-0.025687346,0.05449085
GM_71,-0.0015308214,0.0038724774,0.014147453,-0.047432374,0.061579827
GM_72,0.0030839334,0.0045414325,0.0670654,-0.01552306,0.082588464
GM_73,-0.0024935426,0.0063567357,0.037430346,-0.07482113,0.112251475
GM_74,0.0044327267,0.008900685,0.071156874,-0.0354283,0.106585175
GM_75,0.012928537,0.009910609,0.08033657,-0.016758343,0.097094916
GM_76,-0.0070377723,0.0088794865,0.032193877,-0.06451878,0.09671266
GM_77,0.0008644147,0.0056683095,0.039436802,-0.050433,0.0898698
GM_78,-0.0005546386,0.0044357907,0.038525283,-0.058137227,0.09666251
GM_79,0.0042339773,0.0076358896,0.11446457,-0.031899884,0.14636445
GM_80,0.021351257,0.017347027,0.14533734,-0.064733244,0.21007058
GM_81,0.0029425826,0.008149364,0.067109935,-0.07883657,0.1459465
GM_82,-0.00027521027,0.005621587,0.047143377,-0.03131673,0.07846011
GM_83,0.036218934,0.020290446,0.116351075,-0.07639096,0.19274203
GM_84,-4.2566673e-05,0.0036781076,0.024306651,-0.037419647,0.0617263
GM_85,0.0010592258,0.0051396247,0.041255876,-0.04491121,0.08616708
GM_86,0.0016386138,0.004234998,0.052154683,-0.021456786,0.07361147
GM_87,-0.0014932589,0.0032381818,0.012699084,-0.0450221,0.057721183
GM_88,-0.0019519326,0.0039139097,0.04207584,-0.032967974,0.07504381
GM_89,6.609215e-05,0.0076661455,0.06866284,-0.057781804,0.12644464
GM_90,0.0014005593,0.0030385973,0.032787915,-0.012531667,0.045319583
GM_91,0.0003340733,0.0017065512,0.024184855,-0.015182863,0.039367717
GM_92,0.002691483,0.006722441,0.053283293,-0.03679766,0.090080954
GM_93,-0.0007517566,0.00619122,0.037071966,-0.050192665,0.08726463
GM_94,0.0020721804,0.003861048,0.03149912,-0.015361423,0.046860546
GM_95,0.0031697154,0.008192442,0.07573383,-0.034518242,0.110252075
GM_96,-0.00074692536,0.004365048,0.03025961,-0.059924502,0.09018411
GM_97,0.00051959895,0.0060395338,0.044317603,-0.042694476,0.08701208
GM_98,-0.0016261018,0.007616471,0.042846054,-0.055527844,0.0983739
GM_99,0.0013926972,0.006001143,0.07591827,-0.02171981,0.097638085
GM_100,0.0004916387,0.007363061,0.045058828,-0.09138399,0.13644283
GM_101,0.0005300262,0.0049913125,0.04089033,-0.02338457,0.0642749
GM_102,0.00059892377,0.002956303,0.02363696,-0.0264736,0.05011056
GM_103,-0.0011461193,0.0051552937,0.053144008,-0.06453327,0.11767728
GM_104,0.0030138684,0.0036817945,0.028563244,-0.013826924,0.042390168
GM_105,-0.0031266871,0.0062559876,0.041362416,-0.03426567,0.07562809
GM_106,0.00071172725,0.0045202486,0.061524026,-0.02995259,0.09147662
GM_107,-0.0034552242,0.005741369,0.026797399,-0.18188658,0.20868398
GM_108,0.002826266,0.007060266,0.051203467,-0.05438858,0.10559204
GM_109,-0.0011093774,0.009687008,0.08857421,-0.08697411,0.17554832
GM_110,0.00014409127,0.007372648,0.046661932,-0.04907663,0.09573856
GM_111,-0.0018665965,0.0049561863,0.030885918,-0.03532906,0.06621498
GM_112,0.0006527072,0.0033232567,0.046858344,-0.024546897,0.07140524
GM_113,-0.00022926286,0.0026927846,0.016422827,-0.028538775,0.0449616
GM_114,-0.0020904166,0.0020491849,0.013964409,-0.018083546,0.032047957
GM_115,-0.00068631687,0.0024757462,0.017383307,-0.020791078,0.038174383
GM_116,-0.0015701882,0.00519949,0.028610673,-0.059350688,0.08796136
GM_117,-0.010149276,0.009580617,0.03161454,-0.07762791,0.109242454
GM_118,0.0023345365,0.0063936245,0.04089477,-0.03666681,0.07756158
GM_119,0.0044475137,0.008111403,0.07470521,-0.05732633,0.13203155
GM_120,-0.0010507581,0.005999642,0.038419783,-0.039410867,0.07783065
GM_121,0.0009173582,0.0074840253,0.042240813,-0.05615827,0.09839909
GM_122,-0.0029119817,0.0059184,0.03084765,-0.042094693,0.07294235
GM_123,-0.0019451082,0.0062069306,0.029398315,-0.03924562,0.068643935
GM_124,-0.0010582567,0.0041942955,0.047883235,-0.041180294,0.089063525
GM_125,-0.0011813772,0.0041448283,0.027029015,-0.052527055,0.07955607
GM_126,0.010335934,0.008906254,0.08843853,-0.03864415,0.12708268
GM_127,0.00051166693,0.0055641253,0.03420354,-0.04215407,0.07635761
GM_128,-0.00071285747,0.0026536528,0.010902369,-0.026822941,0.03772531
GM_129,-0.0037021413,0.0054714154,0.02831394,-0.03878419,0.06709813
GM_130,0.0035746086,0.010401544,0.05392312,-0.058000863,0.11192398
GM_131,0.0017891544,0.0047929683,0.04680414,-0.02027633,0.06708047
GM_132,-0.0017091593,0.005319515,0.039884076,-0.0396449,0.07952897
GM_133,-0.0012327932,0.0050165607,0.03551037,-0.038673893,0.07418426
GM_134,0.0015776536,0.00554541,0.037265576,-0.053702805,0.090968385
GM_135,-0.0025052943,0.0055717956,0.033446737,-0.044207968,0.077654704
GM_136,-5.9430593e-05,0.0040090242,0.03086792,-0.027828988,0.058696907
GM_137,-0.0008499522,0.0058261394,0.027098808,-0.04813918,0.07523799
GM_138,0.0012821286,0.005644487,0.04619846,-0.0432921,0.08949056
GM_139,-0.0015831958,0.006257633,0.083529234,-0.03341745,0.11694668
GM_140,0.0014342992,0.0027860526,0.03014795,-0.02216785,0.0523158
GM_141,-0.001151951,0.007504588,0.041209046,-0.048029423,0.089238465
GM_142,-0.0023826484,0.0064633987,0.028497258,-0.06388634,0.09238359
GM_143,0.018686043,0.012559037,0.11557776,-0.017061733,0.1326395
GM_144,-0.000989692,0.0040334426,0.048046764,-0.024457164,0.072503924
GM_145,0.0005171716,0.0036896584,0.07879326,-0.013052893,0.09184615
GM_146,0.0005782219,0.008120685,0.054992083,-0.058367714,0.113359794
GM_147,0.001145421,0.0036875769,0.0319192,-0.015725063,0.047644265
GM_148,0.00070819503,0.001387893,0.023082128,-0.0074467263,0.030528855
GM_149,0.0008856386,0.006323769,0.047388952,-0.04008409,0.08747304
GM_150,0.00041930788,0.007981074,0.0883878,-0.05276293,0.14115073
GM_151,0.0017538874,0.0049455706,0.048646662,-0.048511636,0.0971583
GM_152,0.00014973969,0.007643712,0.067017734,-0.04818929,0.115207024
GM_153,0.00043854848,0.0074646487,0.04654685,-0.06341607,0.109962925
GM_154,-0.0020008036,0.00825937,0.059088428,-0.06308401,0.12217243
GM_155,1.3463609e-05,0.005965053,0.033766624,-0.04368611,0.077452734
GM_156,-0.0012678758,0.007977915,0.056472722,-0.039645627,0.096118346
GM_157,-1.6225433e-05,0.0071382327,0.0357071,-0.041779354,0.077486455
GM_158,-0.00097520155,0.0023395196,0.010034699,-0.023934556,0.033969253
GM_159,-0.0009418831,0.003996914,0.025183054,-0.02233687,0.047519922
GM_160,-0.0019725794,0.0037583353,0.0142911,-0.03218647,0.04647757
GM_161,-0.0012784777,0.0054716696,0.03417568,-0.029543769,0.06371945
GM_162,-0.002418195,0.005309777,0.031679478,-0.05063139,0.08231087
GM_163,0.00085685425,0.005547203,0.03322372,-0.025844198,0.059067916
GM_164,-0.0017184251,0.007943403,0.0400459,-0.07315009,0.113195986
GM_165,0.003955814,0.0071658557,0.08161404,-0.041123025,0.122737065
GM_166,0.0006052811,0.0041006324,0.030311417,-0.03314728,0.063458696
GM_167,0.0059855417,0.0064805415,0.10255815,-0.030026976,0.13258512
GM_168,-0.0007367284,0.004788934,0.034131568,-0.038291324,0.07242289
GM_169,-0.0028124745,0.00654658,0.030867001,-0.04929001,0.08015701
GM_170,-0.0037492325,0.0076054116,0.031572577,-0.071823105,0.103395686
GM_171,-0.00021360356,0.0042696795,0.042715184,-0.02965238,0.072367564
GM_172,-0.00019130575,0.0018809687,0.032025974,-0.018621216,0.05064719
GM_173,0.001470398,0.006074312,0.06741744,-0.043253843,0.11067128
GM_174,-0.00035307952,0.002534741,0.015225925,-0.01767143,0.032897353
GM_175,-0.0036536972,0.0064074523,0.03270125,-0.059459884,0.092161134
GM_176,-0.00021523795,0.0065970444,0.059788164,-0.060690902,0.12047906
GM_177,0.0016477784,0.0040378226,0.039065868,-0.022257356,0.061323225
GM_178,-0.00075159717,0.0064037796,0.04891201,-0.07112719,0.1200392
GM_179,-0.001493311,0.0053401957,0.02242097,-0.037625786,0.060046755
GM_180,0.0022947013,0.0052256305,0.06604034,-0.01923818,0.08527852
GM_181,-0.0012727537,0.006812298,0.039575085,-0.045188766,0.084763855
GM_182,0.002359614,0.00635532,0.08741158,-0.030609386,0.11802097
GM_183,-0.0032278593,0.0052683256,0.029501017,-0.04858951,0.078090526
GM_184,0.00069834077,0.00623563,0.0493196,-0.034505207,0.083824806
GM_185,0.0005726218,0.0035345673,0.02591269,-0.023691399,0.049604088
GM_186,0.0028190536,0.0052117985,0.031275257,-0.027220277,0.058495536
GM_187,-0.003114166,0.011016756,0.04527487,-0.10265006,0.14792493
GM_188,-0.0062254653,0.008104878,0.040434297,-0.06737686,0.10781115
GM_189,0.0013585361,0.005368669,0.05696216,-0.041936856,0.098899014
GM_190,0.00587921,0.0059351595,0.05622439,-0.022232125,0.07845651
GM_191,0.0021568958,0.0057211076,0.08452229,-0.03281885,0.117341146
GM_192,-0.003673399,0.00675013,0.027959183,-0.06785509,0.09581427
GM_193,-0.0007444885,0.005011863,0.022078916,-0.060659565,0.08273848
GM_194,0.0011903689,0.00499545,0.036721744,-0.03262813,0.06934987
GM_195,-0.00024895795,0.0049558566,0.046694465,-0.041570604,0.08826507
GM_196,0.0008716858,0.0046696775,0.0556352,-0.030145124,0.08578032
GM_197,-0.0011042416,0.0082843155,0.07786745,-0.1229405,0.20080796
GM_198,-0.0049135853,0.0046711904,0.011482249,-0.047107078,0.058589328
GM_199,-0.00017465588,0.007847494,0.060431335,-0.04414757,0.104578905
GM_200,0.0015083306,0.004910709,0.036681045,-0.02918763,0.065868676
GM_201,-0.0059270216,0.008581268,0.069916956,-0.08549302,0.15540998
GM_202,-0.0005032978,0.0054564704,0.040765684,-0.055523098,0.096288785
GM_203,-0.0030516796,0.0050492864,0.056911785,-0.05754476,0.11445655
GM_204,0.0019426768,0.003448414,0.044516418,-0.0141201615,0.05863658
GM_205,-0.0019904855,0.0038372905,0.015945697,-0.038927,0.0548727
GM_206,-0.0010327682,0.0051630535,0.033603422,-0.033053894,0.06665732
GM_207,-0.004034157,0.0059705125,0.022575013,-0.054108128,0.07668314
GM_208,-0.0011208773,0.0044803745,0.022274883,-0.031568967,0.05384385
GM_209,0.0031540866,0.006052712,0.038133048,-0.03059713,0.068730175
GM_210,-0.00010461313,0.0027017454,0.023438407,-0.025572337,0.049010746
GM_211,-0.009882104,0.009198866,0.017760094,-0.09924621,0.1170063
GM_212,0.002988089,0.006390741,0.09547453,-0.059750706,0.15522523
GM_213,0.005175753,0.006065963,0.08102789,-0.020767888,0.10179578
GM_214,0.0025702494,0.0048437994,0.045319498,-0.026879508,0.072199
GM_215,-7.305851e-05,0.0119677,0.082933135,-0.053653557,0.1365867
GM_216,-7.94344e-05,0.00094658963,0.006202931,-0.0065351515,0.012738083
GM_217,-0.00014091727,0.007291098,0.04276162,-0.06503722,0.107798845
GM_218,0.00065536896,0.0052100667,0.035324257,-0.0360611,0.071385354
GM_219,0.0024182766,0.008412827,0.0637537,-0.04426785,0.10802156
GM_220,0.0014682376,0.0042531476,0.039473347,-0.020527957,0.060001306
GM_221,-0.0018122587,0.0067841215,0.0478559,-0.059854686,0.107710585
GM_222,-0.00056173216,0.0015805907,0.009381294,-0.016027045,0.025408339
GM_223,0.0010110245,0.004034557,0.03181488,-0.028120555,0.059935436
GM_224,-0.0012136122,0.0049125385,0.033941995,-0.03849896,0.07244095
GM_225,-0.002930659,0.0059664696,0.031491414,-0.06013631,0.091627724
GM_226,-0.0025006458,0.006936058,0.028880922,-0.049544953,0.07842588
GM_227,-0.00092751876,0.0044273552,0.03392087,-0.027508082,0.06142895
GM_228,-0.0014771303,0.0027368127,0.013833702,-0.024829023,0.038662724
GM_229,-0.0063942974,0.00460677,0.016405212,-0.03651941,0.052924618
GM_230,0.0048079593,0.0056948313,0.06324389,-0.02304869,0.08629258
GM_231,-0.005454434,0.0065246406,0.04242944,-0.15403226,0.1964617
GM_232,-0.0014653822,0.008789118,0.036808003,-0.06877382,0.10558182
GM_233,-0.0003009359,0.005032371,0.03439348,-0.04439386,0.07878734
GM_234,-0.002105501,0.0069545265,0.03758799,-0.06476288,0.102350876
GM_235,0.0011863587,0.0053669107,0.0442269,-0.04443493,0.088661835
GM_236,-0.0002998508,0.005845337,0.055846576,-0.038716603,0.09456318
GM_237,-0.0029689798,0.007408407,0.04844446,-0.07238474,0.120829195
GM_238,-0.009124247,0.007814341,0.01815843,-0.08499235,0.10315078
GM_239,0.002562225,0.0052013877,0.045410946,-0.030596435,0.07600738
GM_240,-0.0031454142,0.003564757,0.018796882,-0.029347343,0.048144225
GM_241,-0.0017586658,0.004435026,0.037597694,-0.06246444,0.10006213
GM_242,0.0020350518,0.008591035,0.07299695,-0.05337955,0.12637651
GM_243,0.0037689363,0.0037259597,0.031690873,-0.014356705,0.04604758
GM_244,-0.0034730674,0.006262395,0.041257266,-0.039207026,0.08046429
GM_245,-0.0057647456,0.007087101,0.028899372,-0.064141564,0.093040936
GM_246,-0.00024310875,0.005235608,0.03411771,-0.053978648,0.08809636
GM_247,0.0020693075,0.0042587216,0.04172859,-0.023655513,0.065384105
GM_248,-4.0746512e-05,0.0029733926,0.024023188,-0.027365863,0.051389053
GM_249,-0.00084585167,0.0059609287,0.0842048,-0.042546067,0.12675087
GM_250,-0.0011416859,0.0029323369,0.012509241,-0.027148772,0.039658014
GM_251,-0.0009732327,0.0067477645,0.052827563,-0.062292367,0.115119934
GM_252,-0.002526674,0.011671164,0.06825369,-0.07288761,0.1411413
GM_253,-0.00041378167,0.006303562,0.054802004,-0.057922166,0.11272417
GM_254,-0.0010221365,0.0054690493,0.06987892,-0.04860855,0.11848747
GM_255,-0.0014982513,0.0051772557,0.050341338,-0.03418286,0.0845242
GM_256,0.00025039565,0.004242585,0.0325945,-0.050104514,0.082699016
GM_257,0.0016360309,0.0029434718,0.03286333,-0.010213118,0.04307645
GM_258,0.00072825106,0.0021074566,0.019383589,-0.016331559,0.035715148
GM_259,-0.0010174471,0.0030329418,0.018630125,-0.037529305,0.05615943
GM_260,0.009127053,0.008791194,0.102660626,-0.027202636,0.12986326
GM_261,0.0148910945,0.010958602,0.09943654,-0.015690882,0.115127414
GM_262,-0.0009774927,0.003019246,0.017217848,-0.039642405,0.056860253
GM_263,-0.0022483522,0.009925147,0.038865894,-0.084192395,0.12305829
GM_264,0.0016719776,0.006121201,0.05169961,-0.056731887,0.108431496
GM_265,0.0010642817,0.004103331,0.037697457,-0.031722303,0.06941976
GM_266,0.0022100743,0.008172664,0.0821892,-0.045089986,0.12727919
GM_267,0.0012372148,0.006841602,0.06368784,-0.04173899,0.10542683
GM_268,-0.0015405074,0.004656245,0.023748841,-0.03080867,0.05455751
GM_269,-0.0011005618,0.0065463358,0.04510406,-0.05325924,0.098363295
GM_270,-0.0047476212,0.009670468,0.06490378,-0.098975934,0.16387972
GM_271,0.0005474095,0.0016961957,0.0139992535,-0.009146078,0.023145331
GM_272,0.0005091421,0.0061803143,0.05422411,-0.03799938,0.092223495
GM_273,-0.0014112788,0.0029783514,0.011553096,-0.03297182,0.044524916
GM_274,-0.00032495393,0.008350498,0.055936553,-0.07546843,0.13140498
GM_275,-0.0017273019,0.00500799,0.036744334,-0.038471498,0.07521583
GM_276,-0.0030943244,0.005994672,0.027454492,-0.04333858,0.07079307
GM_277,0.0015666753,0.0048761624,0.029978497,-0.024127865,0.054106362
GM_278,-0.00014961109,0.0043565216,0.03558733,-0.029362015,0.06494935
GM_279,-0.0019420098,0.003926062,0.026232924,-0.030203639,0.05643656
GM_280,-0.00500674,0.009215227,0.034796037,-0.108733565,0.1435296
GM_281,0.0001994449,0.007203644,0.04746317,-0.047362335,0.094825506
GM_282,0.0012303268,0.0046253954,0.031340387,-0.036914665,0.06825505
GM_283,-0.002711908,0.0036770017,0.02505015,-0.03624979,0.061299942
GM_284,-3.6706172e-06,0.0037969924,0.0217145,-0.039543808,0.06125831
GM_285,-0.0008810306,0.0067728832,0.075644486,-0.037838303,0.11348279
GM_286,0.0010920224,0.0072920094,0.045703374,-0.049669154,0.09537253
GM_287,0.003211837,0.0041446346,0.0364472,-0.02760885,0.064056054
GM_288,2.2750608e-05,0.0046860417,0.036345117,-0.035782613,0.07212773
GM_289,-0.0031483753,0.0077683306,0.029185237,-0.07573977,0.10492501
GM_290,-0.0019861818,0.005210547,0.02745891,-0.04662731,0.07408622
GM_291,-0.047063198,0.017132245,0.008241899,-0.26263848,0.27088037
GM_292,0.002187138,0.005366815,0.0674227,-0.021641592,0.08906429
GM_293,-0.001289494,0.0033649579,0.016576156,-0.03299751,0.049573667
GM_294,-0.0034126951,0.006903713,0.03381484,-0.06738005,0.10119489
GM_295,-0.0005039583,0.0048007374,0.036840003,-0.03613971,0.07297972
GM_296,-0.0012216642,0.0048141405,0.023778982,-0.032318406,0.05609739
GM_297,0.00055145187,0.0031404449,0.03492943,-0.013899566,0.048828993
GM_298,0.0010012252,0.0036819158,0.02142426,-0.048227493,0.06965175
GM_299,-0.00012459703,0.008776058,0.046723664,-0.05480592,0.10152958
GM_300,-0.0069100736,0.011522358,0.039398562,-0.09296137,0.13235994
GM_301,0.001657454,0.005373338,0.042155527,-0.029634371,0.0717899
GM_302,0.00015189426,0.004062757,0.03431012,-0.068521015,0.10283114
GM_303,-0.0022988252,0.0051313546,0.020858431,-0.042635955,0.063494384
GM_304,-0.00066148734,0.00871399,0.06454863,-0.07895425,0.14350288
GM_305,0.0013072261,0.002392542,0.025419852,-0.018287718,0.043707572
GM_306,0.0016209998,0.005290449,0.04120581,-0.047302153,0.088507965
GM_307,0.004947607,0.0076153288,0.07340932,-0.03252824,0.105937555
GM_308,-0.00068250834,0.0079903975,0.0669583,-0.043458227,0.11041653
GM_309,0.0018563869,0.0076527977,0.057575095,-0.055193566,0.112768665
GM_310,0.00019738526,0.0077664144,0.088608325,-0.036492825,0.12510115
GM_311,-0.0041287616,0.0063590393,0.021739297,-0.074512176,0.09625147
GM_312,-0.00046512837,0.0071938317,0.08513363,-0.069129325,0.15426296
GM_313,0.021010146,0.009395614,0.0811194,-0.00955743,0.09067683
GM_314,-0.006569443,0.009901455,0.035157245,-0.08384447,0.11900172
GM_315,0.0014136749,0.0061809323,0.051795542,-0.04312744,0.09492298
GM_316,0.0022955607,0.008261625,0.061804365,-0.048941817,0.11074618
GM_317,0.0013254243,0.008354561,0.070272855,-0.05576968,0.12604253
GM_318,-0.001971227,0.005961651,0.037395567,-0.061026584,0.098422155
GM_319,0.00071963086,0.00583738,0.059808817,-0.025269452,0.08507827
GM_320,-0.0052583837,0.007150503,0.032047193,-0.055554483,0.08760168
GM_321,0.00084648764,0.007865451,0.04881757,-0.05759946,0.10641703
GM_322,0.0010640019,0.007134679,0.05863312,-0.04906864,0.10770176
GM_323,0.000115240924,0.00855841,0.057063848,-0.055659637,0.112723485
GM_324,-0.0019144444,0.004233862,0.025291732,-0.031889196,0.057180926
GM_325,-0.0021251102,0.0028028567,0.017310921,-0.018833036,0.03614396
GM_326,0.00076786196,0.0073414636,0.055012494,-0.04501584,0.100028336
GM_327,0.0055870097,0.009113143,0.08028574,-0.03178865,0.11207439
GM_328,-0.0023306876,0.0038138756,0.02599066,-0.028176636,0.054167293
GM_329,-0.0003260742,0.004272045,0.02645659,-0.034773815,0.061230406
GM_330,-0.00057991716,0.0058720754,0.061888527,-0.037905145,0.09979367
GM_331,-0.002030101,0.0061368598,0.04508579,-0.04905274,0.09413853
GM_332,5.1047537e-05,0.004361119,0.047385518,-0.054694273,0.102079794
GM_333,0.0022258076,0.0044769743,0.031637847,-0.031347007,0.062984854
GM_334,-0.0010829867,0.0043300325,0.024774248,-0.039803248,0.0645775
GM_335,-0.00013381126,0.0036467738,0.057398938,-0.022264248,0.07966319
GM_336,0.0027511702,0.0062578497,0.052750956,-0.047739774,0.100490734
GM_337,-0.0015295286,0.0032530744,0.025207272,-0.029554678,0.05476195
GM_338,-0.000472722,0.005561793,0.041878533,-0.03893621,0.08081474
GM_339,-0.0012707387,0.004307908,0.020207483,-0.031495176,0.05170266
GM_340,-0.0039265743,0.0121878795,0.054406077,-0.08791092,0.142317
GM_341,-0.0014477749,0.0070211906,0.043829262,-0.04985751,0.093686774
GM_342,-0.0008820365,0.005937798,0.03346846,-0.06865831,0.10212676
GM_343,0.00014644877,0.0057071075,0.06254172,-0.042070277,0.104612
GM_344,0.0025922437,0.009554435,0.09076637,-0.03532274,0.12608911
GM_345,0.0029073036,0.004094193,0.056420762,-0.029121153,0.08554192
GM_346,0.0003889565,0.0038340979,0.02343711,-0.02007873,0.04351584
GM_347,0.000466004,0.0030001656,0.030265354,-0.031625174,0.061890528
GM_348,0.0012611853,0.0034220442,0.032312278,-0.038030043,0.07034232
GM_349,-0.0007522316,0.0023701207,0.021502517,-0.026823657,0.048326172
GM_350,-0.00073506054,0.004408285,0.03171657,-0.025085215,0.056801785
GM_351,0.0015655651,0.006089798,0.033918012,-0.056738615,0.09065662
GM_352,0.0013505336,0.004310009,0.024673205,-0.03425506,0.058928266
GM_353,0.0003996309,0.0026154933,0.025478229,-0.014766933,0.04024516
GM_354,-0.00012994072,0.008916802,0.056389887,-0.059853133,0.11624302
GM_355,0.0026407584,0.0070001693,0.05646537,-0.064214505,0.12067987
GM_356,-0.006103085,0.0065963473,0.024281247,-0.054193944,0.07847519
GM_357,0.0008774123,0.0067414413,0.034293644,-0.048753217,0.08304686
GM_358,0.0012529717,0.009004463,0.061414976,-0.038963083,0.10037806
GM_359,0.00030147476,0.0018172852,0.009779619,-0.02565111,0.03543073
GM_360,0.00024848914,0.004161633,0.036118813,-0.0524874,0.08860621
GM_361,-0.0012163811,0.0047162264,0.027811367,-0.04118339,0.06899476
GM_362,-0.00066223706,0.006563494,0.03465884,-0.037493393,0.072152235
GM_363,-0.00071689533,0.0047430056,0.027893642,-0.030912463,0.058806106
GM_364,8.451108e-05,0.0052104155,0.056600764,-0.028658874,0.08525964
GM_365,-0.0009839938,0.0065456717,0.04143878,-0.060806327,0.10224511
GM_366,0.0012839843,0.002424382,0.027691625,-0.012817018,0.040508643
GM_367,0.0024874513,0.003666743,0.026219822,-0.021827623,0.048047446
GM_368,-0.001313195,0.00499165,0.03617893,-0.049990512,0.086169444
GM_369,-0.0031065082,0.004359615,0.025594212,-0.033220287,0.0588145
GM_370,0.005379622,0.008768481,0.08444069,-0.03807778,0.12251847
GM_371,0.00077443686,0.0034542875,0.033071686,-0.025624499,0.058696184
GM_372,-0.0016429948,0.008350382,0.05472413,-0.077682145,0.13240628
GM_373,0.0011671443,0.006045169,0.052313566,-0.056860205,0.109173775
GM_374,-0.0016661051,0.0029838372,0.012193978,-0.036628105,0.048822083
GM_375,0.00084581197,0.0077946647,0.049732428,-0.035829764,0.08556219
GM_376,-0.0012404642,0.0052009816,0.028236615,-0.036098726,0.06433534
GM_377,-0.001181247,0.00504897,0.042439315,-0.051207025,0.09364634
GM_378,0.0012297024,0.0058780415,0.049473748,-0.052257914,0.10173166
GM_379,0.0007079328,0.0048050997,0.039682798,-0.037838284,0.077521086
GM_380,-0.0019965584,0.005719187,0.044879388,-0.035549365,0.08042875
GM_381,9.998491e-05,0.008580742,0.062705055,-0.08857654,0.1512816
GM_382,0.00023916874,0.008376301,0.05899028,-0.06937521,0.12836549
GM_383,0.00034573697,0.0040303194,0.03611396,-0.022657972,0.05877193
GM_384,-6.556779e-05,0.0059125265,0.050684795,-0.036817104,0.0875019
GM_385,-0.0024680938,0.007101457,0.041892335,-0.08559966,0.127492
GM_386,-0.0014645621,0.008158312,0.055847194,-0.07570847,0.13155566
GM_387,0.0043920195,0.007743574,0.062416524,-0.020423485,0.08284001
GM_388,-0.00077553873,0.010482483,0.08598658,-0.06967236,0.15565893
GM_389,-0.0011862081,0.009721708,0.060914163,-0.06725213,0.12816629
GM_390,0.0035853449,0.006841675,0.0690709,-0.025412366,0.094483264
GM_391,-0.002433458,0.005213917,0.02388481,-0.05735768,0.08124249
GM_392,0.026394084,0.01472755,0.09148085,-0.006526062,0.09800691
GM_393,-0.0011685691,0.004172603,0.04310385,-0.036266413,0.07937026
GM_394,-0.0040309336,0.0073888027,0.036646523,-0.04638631,0.08303283
GM_395,-6.447875e-05,0.0061762505,0.04324199,-0.04517182,0.088413805
GM_396,0.0013724978,0.0045714397,0.039603565,-0.042562462,0.08216603
GM_397,0.000280115,0.003819658,0.039515723,-0.029268675,0.0687844
GM_398,-0.0013803934,0.0045573427,0.020494184,-0.043986022,0.06448021
GM_399,0.0009380791,0.0059535243,0.04840922,-0.02898727,0.07739649
GM_400,-0.0015142846,0.0018758997,0.011452673,-0.024407946,0.03586062
GM_401,0.00010816884,0.0027381596,0.024473747,-0.02655529,0.051029038
GM_402,-0.0031880517,0.004627742,0.028590374,-0.044553563,0.07314394
GM_403,-0.00062943174,0.0042551565,0.024295237,-0.042280305,0.06657554
GM_404,0.00043635303,0.018087272,0.08979362,-0.105412334,0.19520596
GM_405,0.0022375986,0.0025555121,0.04687284,-0.027326405,0.074199244
GM_406,0.0008339687,0.0038474475,0.026417099,-0.020940375,0.047357474
GM_407,-0.0023552533,0.007864183,0.04164813,-0.047897257,0.089545384
GM_408,0.001309258,0.008022893,0.07109564,-0.052407216,0.12350285
GM_409,-0.0010128419,0.003967656,0.02801917,-0.036583338,0.06460251
GM_410,-0.0009773328,0.0025217743,0.010509313,-0.028448714,0.038958028
GM_411,7.350304e-05,0.008358656,0.050729644,-0.05492246,0.10565211
GM_412,0.0013349928,0.0049875537,0.037777662,-0.03519292,0.072970584
GM_413,0.00068825186,0.004522719,0.02805648,-0.020959992,0.049016472
GM_414,0.0027347682,0.0026087426,0.02299953,-0.013941346,0.036940876
GM_415,0.0015964946,0.0044660945,0.035942324,-0.04777383,0.083716154
GM_416,0.00036152976,0.0107644005,0.10461862,-0.06569589,0.1703145
GM_417,-0.0001774983,0.004266719,0.029553635,-0.029493669,0.059047304
GM_418,-0.0010582429,0.006402171,0.03983531,-0.056233473,0.096068785
GM_419,-0.0012693012,0.0051217447,0.036922857,-0.0579184,0.09484126
GM_420,0.0011934015,0.0062172017,0.059570435,-0.043958746,0.103529185
GM_421,-0.0032936288,0.006527793,0.04679262,-0.051566996,0.098359615
GM_422,-0.00047500138,0.0053210566,0.050585557,-0.042152073,0.09273763
GM_423,-0.0038065799,0.0067927414,0.030731868,-0.060280003,0.09101187
GM_424,0.005421774,0.0069688875,0.078348406,-0.008327286,0.08667569
GM_425,0.0011124202,0.0051254,0.04566253,-0.025170503,0.070833035
GM_426,0.00186316,0.0068108225,0.09311543,-0.05517098,0.1482864
GM_427,0.0013617876,0.005917718,0.04316166,-0.04212149,0.085283145
GM_428,0.00059733563,0.0078240335,0.05391934,-0.06845698,0.12237632
GM_429,0.0009595554,0.0038980877,0.028681371,-0.022276986,0.050958358
GM_430,0.004667361,0.008080695,0.07099003,-0.06430098,0.13529101
GM_431,0.0011352237,0.00376052,0.03124997,-0.023293188,0.05454316
GM_432,-0.002886659,0.0040077316,0.01571361,-0.041769642,0.057483252
GM_433,0.002331911,0.0045890156,0.041831397,-0.028493011,0.070324406
GM_434,-0.07782701,0.025497155,0.0138532445,-0.20279016,0.2166434
GM_435,0.0019908305,0.004844426,0.03429469,-0.02883056,0.06312525
GM_436,0.00027298916,0.0059743407,0.04332993,-0.033566326,0.07689626
GM_437,-0.0005155221,0.007240793,0.06520552,-0.05696597,0.12217149
GM_438,0.00022116161,0.007992293,0.042917278,-0.087101296,0.13001858
GM_439,-0.0027799706,0.005329718,0.02699633,-0.051220525,0.07821685
GM_440,0.004465814,0.008311507,0.08286863,-0.03297899,0.11584762
GM_441,-5.2857053e-05,0.008432464,0.04296906,-0.04673586,0.089704916
GM_442,0.00073959446,0.0034052546,0.026001235,-0.013669176,0.03967041
GM_443,1.1444797e-05,0.003102123,0.025289807,-0.03848912,0.06377892
GM_444,-0.0007657125,0.0045548626,0.02772093,-0.03115266,0.05887359
GM_445,-0.0010972103,0.0033760981,0.014714033,-0.0329986,0.04771263
GM_446,-0.0037338093,0.005013044,0.028969483,-0.045905408,0.07487489
GM_447,-0.0059403433,0.008151129,0.03799293,-0.0600576,0.09805053
GM_448,0.0012988148,0.0053525525,0.0683992,-0.021653252,0.09005245
GM_449,0.00038775723,0.0065904763,0.05319612,-0.05142584,0.10462196
GM_450,-0.0017951825,0.0026749717,0.012751091,-0.028563367,0.04131446
GM_451,-0.00200899,0.009236858,0.05426755,-0.06148526,0.115752816
GM_452,0.0028427804,0.008003396,0.068635054,-0.031601913,0.10023697
GM_453,0.0010923067,0.005070235,0.05155694,-0.039492033,0.09104897
GM_454,0.0013344582,0.004652763,0.0520213,-0.021445528,0.07346682
GM_455,-0.0019327024,0.0040582884,0.019587398,-0.047088493,0.06667589
GM_456,0.0047909124,0.007040393,0.047670823,-0.034795504,0.08246633
GM_457,-0.00097297574,0.00393819,0.031551067,-0.03278383,0.0643349
GM_458,-0.0001952099,0.0063292542,0.06053232,-0.06334753,0.12387985
GM_459,0.004676585,0.006745502,0.05550314,-0.01693543,0.07243857
GM_460,-0.00063129485,0.0023112393,0.0148376655,-0.03047358,0.045311246
GM_461,-0.0015034762,0.0036229973,0.02156317,-0.024790507,0.046353675
GM_462,-0.002936387,0.005541083,0.023522045,-0.05386256,0.077384606
GM_463,-0.00014715313,0.0063494816,0.039977998,-0.06655114,0.10652914
GM_464,0.0020298255,0.004856111,0.05584845,-0.071133874,0.12698233
GM_465,0.0027099203,0.0064545795,0.06361424,-0.03222055,0.09583479
GM_466,-0.00074938574,0.0065918355,0.038231827,-0.054216843,0.09244867
GM_467,0.0018143505,0.003949441,0.04060286,-0.022123743,0.0627266
GM_468,-0.0010851516,0.002823876,0.0150780035,-0.0458504,0.060928404
GM_469,0.00129766,0.005084917,0.031630635,-0.04158633,0.07321696
GM_470,0.0028544804,0.007004289,0.05870676,-0.046940062,0.10564682
GM_471,-9.830268e-05,0.0015886822,0.0093145445,-0.023235198,0.032549743
GM_472,-0.0021284407,0.008843893,0.04866392,-0.062168047,0.11083197
GM_473,0.0020666134,0.0073413593,0.07830375,-0.031392906,0.10969666
GM_474,-0.0018744278,0.005893064,0.024757972,-0.05274783,0.077505805
GM_475,0.0011449977,0.007998306,0.05358223,-0.03588902,0.08947125
GM_476,0.0010745906,0.006898196,0.037226744,-0.07201117,0.10923792
GM_477,0.0022160255,0.009517164,0.056270782,-0.07465714,0.13092792
GM_478,-0.0026914927,0.004184526,0.024607504,-0.027714653,0.052322157
GM_479,0.0012566933,0.006609997,0.05103397,-0.032532427,0.0835664
GM_480,-0.00070888904,0.005082341,0.051111594,-0.03265105,0.083762646
GM_481,0.0011248133,0.006917806,0.061763734,-0.038013175,0.09977691
GM_482,-0.00010910366,0.00814149,0.055675466,-0.06491972,0.12059519
GM_483,0.0019085649,0.002890965,0.030598834,-0.015674949,0.046273783
GM_484,0.00077990437,0.005135056,0.03822619,-0.020756336,0.05898253
GM_485,0.00030129778,0.005312082,0.035497703,-0.050872844,0.08637054
GM_486,-0.0029910416,0.0055269715,0.023862327,-0.06191882,0.08578115
GM_487,-0.0020710607,0.006312197,0.025963033,-0.07779011,0.10375314
GM_488,0.0008231867,0.006508506,0.10923188,-0.028060159,0.13729204
GM_489,-0.0013501362,0.0025795845,0.0155197,-0.024235955,0.039755654
GM_490,-0.0008947984,0.0047060335,0.02761171,-0.038254596,0.06586631
GM_491,-0.001107926,0.004978016,0.026671315,-0.0357104,0.062381715
GM_492,0.00085619756,0.006545565,0.050663274,-0.03278023,0.08344351
GM_493,0.002301489,0.009079736,0.058195136,-0.043903228,0.10209836
GM_494,-0.002755226,0.007732768,0.048042405,-0.05465383,0.10269624
GM_495,0.0017352785,0.008633156,0.058320217,-0.039471302,0.09779152
GM_496,-0.00050701963,0.006381742,0.03961057,-0.04207829,0.08168886
GM_497,-0.00021596646,0.0054783057,0.027978478,-0.049885977,0.07786445
GM_498,-0.0022423198,0.0060067293,0.04713651,-0.0522077,0.09934421
GM_499,-0.00059657823,0.0073582376,0.03744518,-0.037069134,0.074514315
GM_500,0.003006828,0.005530559,0.044631902,-0.027174812,0.071806714
GM_501,0.0017581403,0.005062051,0.036585342,-0.024983982,0.061569326
GM_502,0.008332419,0.0069921035,0.06261957,-0.015960168,0.07857974
GM_503,0.0016872386,0.0033471524,0.039051954,-0.016584193,0.055636145
GM_504,0.0014321125,0.012243641,0.09077949,-0.06995353,0.16073301
GM_505,-0.0018988504,0.002193198,0.012163864,-0.02804782,0.040211685
GM_506,-0.0014417608,0.0034806991,0.02283186,-0.03933684,0.062168702
GM_507,-8.327392e-05,0.0049265055,0.051126827,-0.03482459,0.08595142
GM_508,0.0007026457,0.0045835916,0.03236412,-0.026353328,0.058717445
GM_509,-0.000996286,0.0054242285,0.071456924,-0.037091468,0.10854839
GM_510,0.00011315727,0.00455663,0.043503318,-0.026267625,0.06977095
GM_511,-0.0039900593,0.005097114,0.028692871,-0.04917553,0.0778684
GM_512,0.0006339926,0.0070321057,0.0742386,-0.0406191,0.1148577
GM_513,0.0003493705,0.007338345,0.059856985,-0.055819545,0.11567653
GM_514,0.0020197362,0.0036165807,0.039453927,-0.025598787,0.06505272
GM_515,0.00018920447,0.005444348,0.032416854,-0.027790464,0.06020732
GM_516,0.00015253946,0.006937838,0.04959017,-0.04823256,0.097822726
GM_517,0.00026750242,0.006245,0.034497503,-0.045307294,0.07980479
GM_518,0.0018990601,0.007396978,0.065597884,-0.06374362,0.12934151
GM_519,0.0019296134,0.005258049,0.04131778,-0.024047,0.06536478
GM_520,0.0014994876,0.011889089,0.10876151,-0.129415,0.23817652
GM_521,0.0026329877,0.004127424,0.039452657,-0.01577707,0.055229727
GM_522,0.061467346,0.022713479,0.19886106,-0.01516089,0.21402195
GM_523,0.001466296,0.0056028413,0.05055459,-0.029507698,0.080062285
GM_524,-0.0010755585,0.0031284795,0.014706584,-0.029997464,0.04470405
GM_525,-6.636274e-06,0.0059909015,0.03599024,-0.04198827,0.07797851
GM_526,0.0045248177,0.0058167,0.044698723,-0.017326199,0.06202492
GM_527,0.00015423281,0.0038357577,0.0361559,-0.023243945,0.059399847
GM_528,-0.0014974573,0.0040437905,0.021431686,-0.03794611,0.059377797
GM_529,-0.0008716293,0.009848125,0.05204994,-0.08886548,0.14091542
GM_530,-0.001437344,0.0050720423,0.036433343,-0.04123955,0.07767289
GM_531,0.0015052736,0.0054366086,0.038613982,-0.04109273,0.07970671
GM_532,-0.0042545744,0.0055902633,0.014867429,-0.06319692,0.07806435
GM_533,-0.0046895356,0.012122131,0.05457946,-0.09598959,0.15056905
GM_534,-0.005414858,0.0067372485,0.017128129,-0.08617852,0.10330665
GM_535,0.00048103608,0.005794512,0.044146355,-0.038272988,0.08241934
GM_536,-0.0027910315,0.005580601,0.039649725,-0.039267395,0.078917116
GM_537,-0.00013098786,0.004396601,0.034580972,-0.03415102,0.06873199
GM_538,-0.0014563788,0.0068574282,0.05452047,-0.049535826,0.1040563
GM_539,-0.0023870652,0.004636432,0.024464095,-0.043128025,0.06759212
GM_540,-0.00017746525,0.0038971156,0.036911193,-0.029191189,0.066102386
GM_541,0.00047012107,0.004116038,0.025459241,-0.022326455,0.047785696
GM_542,-1.752269e-05,0.002405581,0.017790869,-0.015825255,0.033616126
GM_543,-0.0003969821,0.0053975875,0.034992855,-0.033895485,0.06888834
GM_544,0.0036454562,0.006830656,0.073500015,-0.030516436,0.10401645
GM_545,-0.0047901906,0.004792793,0.015704868,-0.067649566,0.083354436
GM_546,0.0008552149,0.005871912,0.03135665,-0.059697684,0.091054335
GM_547,1.1090539e-05,0.004837784,0.05119122,-0.081901684,0.13309291
GM_548,-0.0013117376,0.0055474374,0.033278376,-0.046807703,0.08008608
GM_549,-0.005670094,0.0044007874,0.0100120315,-0.04834815,0.05836018
GM_550,-0.0015372827,0.0034838526,0.026336858,-0.042080387,0.06841724
GM_551,0.0057280776,0.010676049,0.08290833,-0.056252923,0.13916126
GM_552,0.0012271741,0.0034097466,0.029081825,-0.04228187,0.071363695
GM_553,0.0011172862,0.006410252,0.0508787,-0.059860695,0.110739395
GM_554,-0.00011538822,0.0046875454,0.05098233,-0.03441226,0.08539459
GM_555,-0.00069165713,0.0027108905,0.02142056,-0.039322577,0.06074314
GM_556,-0.0068304483,0.009305777,0.046547927,-0.07115605,0.117703974
GM_557,0.01061878,0.010808729,0.10274018,-0.032111954,0.13485214
GM_558,-0.0073825535,0.007464931,0.016613157,-0.084809035,0.10142219
GM_559,-2.5701658e-05,0.006178544,0.036709975,-0.041293144,0.07800312
GM_560,0.001629104,0.007428202,0.04896161,-0.03949049,0.0884521
GM_561,-0.0020196536,0.00718272,0.045639917,-0.07525838,0.1208983
GM_562,0.002575254,0.0049079894,0.035605785,-0.027650438,0.06325622
GM_563,-1.5991563e-05,0.017636353,0.10757047,-0.11903338,0.22660385
GM_564,-0.0013485643,0.0070678047,0.040302124,-0.048626624,0.088928744
GM_565,-0.0008036842,0.004466297,0.023490643,-0.04529106,0.0687817
GM_566,0.005733864,0.0058185398,0.054330524,-0.022514712,0.076845236
GM_567,-0.0005543815,0.0046858415,0.09999814,-0.08632559,0.18632373
GM_568,-0.0003551742,0.0049781776,0.035660513,-0.042693414,0.07835393
GM_569,0.0057282755,0.011041801,0.07725717,-0.13400832,0.21126549
GM_570,-0.00076598284,0.0036346747,0.02499114,-0.019728404,0.044719543
GM_571,0.000858498,0.005942101,0.034799494,-0.032328386,0.06712788
GM_572,-0.0028195363,0.007051378,0.04707603,-0.05271629,0.09979232
GM_573,-0.009597656,0.008473412,0.014093252,-0.11897769,0.13307095
GM_574,-0.0011896417,0.0043266336,0.02811384,-0.047046497,0.07516034
GM_575,0.0013833402,0.0046809544,0.031053582,-0.03260199,0.06365557
GM_576,0.0020441762,0.005124989,0.06069837,-0.027140958,0.08783933
GM_577,0.014361938,0.016037297,0.11742432,-0.044245273,0.16166958
GM_578,-0.001116084,0.0029691972,0.012759215,-0.031826448,0.044585664
GM_579,-0.004091524,0.006721939,0.03170573,-0.054784432,0.08649016
GM_580,-0.0040740925,0.011240545,0.11793346,-0.08141937,0.19935283
GM_581,-0.00053068396,0.006117818,0.044952616,-0.035575822,0.08052844
GM_582,-0.003687087,0.007072301,0.036190465,-0.048397258,0.08458772
GM_583,-0.0006943161,0.0053111743,0.036352344,-0.033838943,0.07019129
GM_584,-0.0043856744,0.00879601,0.036627464,-0.09287618,0.12950364
GM_585,-0.0016379782,0.0056391684,0.034576904,-0.04592897,0.08050588
GM_586,-0.0029241457,0.006911185,0.038647857,-0.100439355,0.13908722
GM_587,0.022738835,0.011225282,0.104928814,-0.016261447,0.121190265
GM_588,0.00035219945,0.006739438,0.0299661,-0.054251008,0.08421711
GM_589,0.0014676688,0.006253488,0.054611847,-0.0335272,0.08813904
GM_590,0.00064331305,0.0045990283,0.046912767,-0.06346321,0.11037598
GM_591,-0.00041623903,0.005370273,0.066663966,-0.037627812,0.10429178
GM_592,0.0016397545,0.005220958,0.032622766,-0.03914783,0.07177059
GM_593,0.002629579,0.008321411,0.068445176,-0.056049276,0.12449445
GM_594,0.0018554212,0.0053507145,0.040343404,-0.04131939,0.08166279
GM_595,0.0004894163,0.009410582,0.057958536,-0.061983474,0.11994201
GM_596,0.0012620188,0.008442432,0.05264837,-0.05215161,0.10479998
GM_597,-0.0013797933,0.007787394,0.046186715,-0.06600003,0.112186745
GM_598,0.0019024399,0.0074292812,0.06341037,-0.028872624,0.092282996
GM_599,0.0020425082,0.0041331043,0.04119511,-0.031569798,0.0727649
GM_600,-0.003854329,0.0054349764,0.019971881,-0.07518076,0.09515265
GM_601,0.0010969145,0.009576749,0.04721263,-0.040962778,0.08817541
GM_602,-0.0026798793,0.01399625,0.061050843,-0.10007276,0.1611236
GM_603,-0.0011457164,0.006469194,0.054133218,-0.043353353,0.09748657
GM_604,-0.0013997774,0.007545344,0.06166489,-0.06797491,0.1296398
GM_605,0.0019519958,0.004762017,0.036009792,-0.025520863,0.061530657
GM_606,-0.0014581938,0.005606985,0.03914762,-0.045268193,0.08441581
GM_607,0.002241967,0.0042273365,0.041233905,-0.024770724,0.06600463
GM_608,-0.002230192,0.0039362703,0.02017269,-0.029861407,0.0500341
GM_609,-0.00038499144,0.013018885,0.081109904,-0.054902893,0.1360128
GM_610,-0.0016988647,0.008500689,0.05124973,-0.04909457,0.1003443
GM_611,-0.0019339053,0.0034530072,0.014695194,-0.029140197,0.04383539
GM_612,0.0007974414,0.015347201,0.100562654,-0.059141375,0.15970403
GM_613,-0.002003159,0.0056151366,0.054706223,-0.055413716,0.11011994
GM_614,0.002432339,0.006511528,0.04498953,-0.030342354,0.07533188
GM_615,-0.003469156,0.00414509,0.026191717,-0.05701302,0.08320474
GM_616,0.0006420364,0.0037642499,0.054276936,-0.053949747,0.10822669
GM_617,0.0012596546,0.0057237665,0.04211661,-0.027588256,0.06970486
GM_618,0.0014826272,0.004220595,0.032029785,-0.024091538,0.056121323
GM_619,0.000818258,0.0050198655,0.04477515,-0.030572614,0.07534777
GM_620,-0.0007118065,0.0052554677,0.04008354,-0.043886725,0.08397026
GM_621,-0.00048271465,0.0072602653,0.048618592,-0.04419208,0.092810676
GM_622,0.0034232878,0.005730902,0.06113851,-0.012200521,0.07333903
GM_623,-0.002139405,0.01109811,0.05619882,-0.091335,0.14753382
GM_624,0.0012193117,0.004689683,0.02499659,-0.03414294,0.05913953
GM_625,0.0015953815,0.006014695,0.04263699,-0.05676948,0.099406466
GM_626,0.000706228,0.005452054,0.052589312,-0.0342048,0.08679411
GM_627,-0.00042568942,0.0051126587,0.04109355,-0.052971978,0.09406553
GM_628,-0.0017209888,0.007053086,0.030654931,-0.055364635,0.08601957
GM_629,-4.609263e-05,0.004198179,0.025035143,-0.03125024,0.05628538
GM_630,0.0071588214,0.007830114,0.07042033,-0.028347546,0.09876788
GM_631,-5.238928e-05,0.005960966,0.071743354,-0.033171177,0.10491453
GM_632,-6.36816e-05,0.0065767933,0.042449195,-0.043939974,0.08638917
GM_633,-0.0005714563,0.002863446,0.016957365,-0.025665557,0.042622924
GM_634,0.0018631563,0.0056835613,0.04069113,-0.03363265,0.07432378
GM_635,0.0032528534,0.0070181787,0.045775395,-0.046501055,0.092276454
GM_636,0.0073288493,0.00942206,0.08033986,-0.03292582,0.11326568
GM_637,-0.0033329946,0.005718283,0.030240132,-0.04903116,0.079271294
GM_638,0.0026234528,0.007315016,0.06464637,-0.029492028,0.0941384
GM_639,-6.871065e-05,0.003415912,0.05043251,-0.08519319,0.13562569
GM_640,0.0033353395,0.0076633138,0.06863111,-0.038243886,0.106875
GM_641,0.00021831335,0.0054878695,0.039501984,-0.041550897,0.081052884
GM_642,0.0042709354,0.0056527774,0.038357977,-0.034802947,0.073160924
GM_643,0.0002318737,0.0068722996,0.05525311,-0.047165226,0.10241833
GM_644,0.0031503893,0.0027823984,0.036934476,-0.0055067404,0.042441215
GM_645,0.0032115947,0.004363782,0.05119463,-0.026696822,0.077891454
GM_646,-0.001285576,0.0076102763,0.051916774,-0.05599288,0.10790965
GM_647,-0.001165875,0.005505744,0.023841625,-0.058513254,0.08235488
GM_648,-0.0003521605,0.0045202267,0.04075825,-0.046889637,0.087647885
GM_649,0.0011859693,0.003855724,0.06904449,-0.020489573,0.08953407
GM_650,-0.001460137,0.004945238,0.020931862,-0.04392864,0.06486051
GM_651,0.0015799697,0.0042827474,0.036736898,-0.027353818,0.064090714
GM_652,-0.00019714863,0.008165077,0.06363889,-0.056432918,0.120071806
GM_653,2.6581749e-05,0.0081723,0.04022394,-0.052747566,0.092971504
GM_654,-0.0007870748,0.0038602238,0.020017255,-0.033593215,0.05361047
GM_655,0.0006804498,0.0059780013,0.033290222,-0.04773125,0.08102147
GM_656,0.0020402533,0.012660432,0.08493429,-0.07922672,0.164161
GM_657,-5.5437657e-05,0.0043931613,0.04646457,-0.025889741,0.07235431
GM_658,-6.232469e-05,0.0038409636,0.036479227,-0.039357748,0.07583697
GM_659,0.0016453629,0.0047607874,0.05869556,-0.0415887,0.10028426
GM_660,-0.00054056506,0.006557242,0.036917645,-0.0722713,0.109188944
GM_661,0.0021966535,0.0036412124,0.05415082,-0.020786857,0.07493768
GM_662,0.00031156818,0.005199286,0.036918078,-0.044123247,0.08104132
GM_663,0.0011114845,0.0047977925,0.045809112,-0.040131588,0.085940704
GM_664,0.0011151567,0.005556341,0.044703342,-0.033185057,0.0778884
GM_665,0.002450786,0.004329243,0.0342278,-0.038703438,0.07293124
GM_666,0.00020257871,0.0070333285,0.05049569,-0.044560313,0.095056005
GM_667,-0.0024157746,0.005403192,0.030011533,-0.035879087,0.06589062
GM_668,0.0007542429,0.0035873416,0.029119998,-0.022098375,0.051218376
GM_669,8.9862166e-05,0.0030621171,0.028885553,-0.020826241,0.049711794
GM_670,-0.001484851,0.004752872,0.038194463,-0.030250635,0.0684451
GM_671,-0.0027153778,0.004486477,0.024338016,-0.047909215,0.07224723
GM_672,0.00021133723,0.00175831,0.04638864,-0.018560698,0.06494934
GM_673,0.002096442,0.0049561244,0.10422,-0.04918499,0.153405
GM_674,0.0015881754,0.0071023456,0.056450732,-0.03645793,0.092908666
GM_675,0.00072503317,0.006464105,0.03242715,-0.106120385,0.13854754
GM_676,-0.003916165,0.0070855194,0.023258016,-0.092066385,0.1153244
GM_677,0.0013030005,0.0033274638,0.02511121,-0.022233559,0.047344767
GM_678,-0.0001294291,0.003523405,0.030374173,-0.016680097,0.04705427
GM_679,-0.001244124,0.0022345455,0.0107022375,-0.03134874,0.042050976
GM_680,-0.0008065338,0.007279853,0.081798844,-0.05461764,0.13641648
GM_681,-0.002944045,0.0058817845,0.025756078,-0.042524725,0.0682808
GM_682,-0.0007388251,0.0045925323,0.027077341,-0.028397294,0.055474635
GM_683,-0.0014737186,0.009665618,0.042536527,-0.056312036,0.09884857
GM_684,-0.0031670395,0.005718795,0.026470466,-0.04355337,0.070023835
GM_685,-0.00031673769,0.0030020447,0.017196108,-0.026011508,0.043207616
GM_686,0.0012348378,0.008369716,0.047411796,-0.055607934,0.10301973
GM_687,0.0006718239,0.0034911653,0.020263523,-0.015655221,0.035918742
GM_688,0.00079455535,0.0042146924,0.038250733,-0.028966904,0.06721763
GM_689,0.0004667792,0.0061159786,0.05284873,-0.04103883,0.09388756
GM_690,0.00013059353,0.005485611,0.05424803,-0.04583781,0.10008584
GM_691,-0.008019511,0.00912818,0.018316818,-0.09725797,0.11557479
GM_692,0.0021086496,0.004797188,0.060189288,-0.028036175,0.08822546
GM_693,-0.0039780503,0.0070422804,0.020947352,-0.07218115,0.0931285
GM_694,-0.00068534835,0.010881548,0.06319232,-0.076299526,0.13949186
GM_695,-0.0070371046,0.0066155214,0.027616967,-0.04273706,0.07035403
GM_696,-0.0009049066,0.008616336,0.041992832,-0.077630274,0.11962311
GM_697,-0.00287837,0.0070722355,0.026017688,-0.093380265,0.11939795
GM_698,-0.0014289952,0.005732667,0.054366026,-0.041928228,0.096294254
GM_699,0.00030592515,0.001939517,0.018082347,-0.013454909,0.031537257
GM_700,-0.002698487,0.005920638,0.04298738,-0.054895468,0.09788285
GM_701,0.0014369822,0.0060298475,0.043489993,-0.039257757,0.08274775
GM_702,0.00069036003,0.007689207,0.085114785,-0.119293794,0.20440859
GM_703,0.00093694637,0.004277034,0.03514582,-0.034971654,0.07011747
GM_704,-0.0019849155,0.007268635,0.06261206,-0.054875173,0.11748723
GM_705,-0.00032770695,0.0035500694,0.021037534,-0.033188887,0.05422642
GM_706,0.0010371312,0.006093606,0.034434333,-0.03162487,0.0660592
GM_707,-0.00015973185,0.0025388384,0.022114202,-0.01870752,0.040821724
GM_708,-0.014104225,0.009660107,0.010145422,-0.09237519,0.102520615
GM_709,-0.0040675537,0.0075501264,0.031918798,-0.056664437,0.08858323
GM_710,0.0009784144,0.0048957984,0.05970589,-0.0243551,0.08406099
GM_711,-0.0028487756,0.0072473753,0.03705378,-0.07225323,0.109307006
GM_712,-0.0050946353,0.0081733065,0.028922591,-0.12040773,0.14933032
GM_713,-0.0008308523,0.004528695,0.032704987,-0.0365316,0.06923659
GM_714,-0.0004181219,0.0019362433,0.011647994,-0.014458832,0.026106827
GM_715,0.0025665509,0.0043901885,0.047004342,-0.031405568,0.07840991
GM_716,-0.00069799396,0.005747475,0.027596265,-0.03635185,0.06394811
GM_717,0.008167893,0.011809566,0.07069148,-0.03596197,0.10665345
GM_718,-0.00077158894,0.004645185,0.03534181,-0.06277622,0.09811804
GM_719,0.00035865954,0.0067050704,0.045781422,-0.043325763,0.089107186
GM_720,-0.0016062924,0.006765738,0.06443269,-0.05485962,0.119292304
GM_721,-0.0007431881,0.0035836992,0.026938198,-0.021889675,0.04882787
GM_722,-0.005149796,0.005796206,0.02053649,-0.048350707,0.0688872
GM_723,0.0056585055,0.00623865,0.06567359,-0.023035,0.08870859
GM_724,-0.0029911613,0.009305793,0.06739183,-0.055983927,0.12337576
GM_725,0.0014274366,0.0040378557,0.038454887,-0.018303901,0.056758787
GM_726,0.0012178223,0.007533655,0.13119166,-0.04688022,0.17807187
GM_727,-0.0052571953,0.009444499,0.029838622,-0.07979232,0.10963094
GM_728,-0.00042889413,0.0017798786,0.011174517,-0.020664982,0.031839497
GM_729,-0.0026960394,0.007289922,0.039784357,-0.13989362,0.17967798
GM_730,-0.0004909448,0.0072967676,0.09083543,-0.06958028,0.16041571
GM_731,-0.0052669905,0.00605803,0.029472793,-0.11383304,0.14330584
GM_732,0.0018283249,0.0051534777,0.047469202,-0.021657327,0.06912653
GM_733,0.0010610963,0.007522298,0.055512387,-0.060163114,0.1156755
GM_734,-0.00083962816,0.0044956068,0.024415893,-0.06884956,0.09326546
GM_735,0.00017260006,0.0048621288,0.033558115,-0.033605196,0.06716331
GM_736,-0.0009723184,0.007945081,0.03433668,-0.05563367,0.08997035
GM_737,-0.0008515493,0.0018186313,0.009893431,-0.01833459,0.028228022
GM_738,0.00052258663,0.0049378364,0.053228863,-0.039531123,0.09275998
GM_739,0.0003562363,0.004327062,0.03745195,-0.028698692,0.06615064
GM_740,0.007879883,0.010043344,0.06542984,-0.038249187,0.10367902
GM_741,-0.0033654722,0.009677071,0.048132624,-0.06762068,0.11575331
GM_742,0.0008670883,0.0066297306,0.045116115,-0.0286308,0.07374692
GM_743,-0.001160685,0.005386816,0.02932241,-0.02807973,0.05740214
GM_744,0.0006533725,0.0013201651,0.009286169,-0.010341123,0.019627292
GM_745,-0.0017195282,0.007278583,0.10210166,-0.08409311,0.18619478
GM_746,0.009195732,0.012798936,0.1058094,-0.037636478,0.14344588
GM_747,0.001943871,0.00707028,0.055855546,-0.0453619,0.10121745
GM_748,0.004721595,0.0071473117,0.06373953,-0.039769027,0.10350856
GM_749,-0.00034962638,0.0043492457,0.022521278,-0.03492975,0.057451025
GM_750,-0.00050197635,0.0077535044,0.040045217,-0.053065337,0.093110554
GM_751,0.00044617936,0.0050265067,0.043184508,-0.025576299,0.068760805
GM_752,0.0004659728,0.008165503,0.0389093,-0.111282654,0.15019196
GM_753,-0.0029216446,0.0069920225,0.046176784,-0.08996954,0.13614632
GM_754,0.0027350385,0.004981361,0.0508312,-0.023182565,0.07401376
GM_755,0.0014608467,0.0035374584,0.025431968,-0.020151705,0.045583673
GM_756,2.9954448e-05,0.0064790826,0.066890575,-0.047976173,0.11486675
GM_757,0.00143619,0.0035555651,0.024956662,-0.018969003,0.043925665
GM_758,0.0014219747,0.0035465988,0.03633372,-0.011144348,0.04747807
GM_759,-0.0012506803,0.006611865,0.03785282,-0.056935877,0.0947887
GM_760,-0.004308863,0.0045486633,0.023217129,-0.030430742,0.05364787
GM_761,0.0017332078,0.005187265,0.033904225,-0.046148967,0.080053195
GM_762,-0.0034700583,0.008564472,0.0365546,-0.088275366,0.12482996
GM_763,0.022811132,0.01971864,0.17659537,-0.06766498,0.24426036
GM_764,0.00056532706,0.0038004906,0.046899818,-0.023109844,0.07000966
GM_765,-0.00064024713,0.0013022395,0.0056542354,-0.01081512,0.016469356
GM_766,0.009583745,0.008339033,0.06738317,-0.027218252,0.09460142
GM_767,-0.0021556304,0.0043866863,0.019950066,-0.041474786,0.06142485
GM_768,-0.005445917,0.00757033,0.0359614,-0.08079912,0.11676052
GM_769,0.0017945507,0.0052794954,0.042549387,-0.02135219,0.06390157
GM_770,0.0004500813,0.003987497,0.04318504,-0.03026009,0.07344513
GM_771,0.0009847345,0.002839375,0.019596394,-0.023920378,0.04351677
GM_772,0.002386652,0.007886345,0.0513048,-0.039986275,0.09129107
GM_773,5.8687026e-05,0.0030499813,0.021401905,-0.03430575,0.055707656
GM_774,-0.0016220536,0.0046301205,0.028337015,-0.041794553,0.07013157
GM_775,-0.0024081413,0.0033181543,0.014222221,-0.021005593,0.035227813
GM_776,-0.002785812,0.007324878,0.027224282,-0.13035177,0.15757605
GM_777,-0.0029620708,0.0076500075,0.08490601,-0.06904697,0.15395299
GM_778,-0.0017453633,0.0052336655,0.035340488,-0.033842098,0.06918259
GM_779,-2.1592055e-05,0.0028510967,0.028054949,-0.028781679,0.056836627
GM_780,-0.0015145042,0.005639873,0.026793102,-0.05933641,0.08612951
GM_781,0.0017975734,0.0046282127,0.051853642,-0.044075713,0.095929354
GM_782,-0.00092279894,0.005631062,0.031772055,-0.04478758,0.07655963
GM_783,0.0105791055,0.011785274,0.13178658,-0.022773307,0.1545599
GM_784,-0.000893305,0.005432091,0.046872783,-0.037966564,0.084839344
GM_785,0.0018329575,0.006469439,0.10048527,-0.035628088,0.13611336
GM_786,0.0033040382,0.010051782,0.08226013,-0.04683702,0.12909715
GM_787,-0.00030394585,0.0035979901,0.024630873,-0.03564699,0.060277864
GM_788,0.0007939986,0.006749674,0.04339739,-0.041621838,0.08501923
GM_789,0.0018023395,0.004552508,0.052104745,-0.049478866,0.101583615
GM_790,-0.0028883144,0.008289833,0.050222173,-0.061828185,0.112050354
GM_791,0.001401176,0.0048322426,0.047811914,-0.056000046,0.103811964
GM_792,0.0005317504,0.0056591653,0.045022607,-0.04125075,0.08627336
GM_793,0.0030185413,0.007975676,0.07077346,-0.06750782,0.13828129
GM_794,0.00021193911,0.0042902227,0.03450245,-0.031381898,0.06588435
GM_795,0.00120439,0.008832262,0.06402346,-0.064156696,0.12818015
GM_796,0.0011603608,0.003928128,0.06949398,-0.041147575,0.110641554
GM_797,-0.0011935764,0.006733995,0.046034724,-0.03769318,0.0837279
GM_798,-0.0042720544,0.008958399,0.08639559,-0.0537884,0.14018399
GM_799,-0.00088170037,0.0065572113,0.048925873,-0.059055094,0.10798097
GM_800,-0.0004973714,0.0032589203,0.016236776,-0.024735475,0.04097225
GM_801,-0.0010812616,0.0033656568,0.019075524,-0.025886409,0.044961933
GM_802,0.0019358072,0.0030861387,0.030022217,-0.019790886,0.049813103
GM_803,0.0067622764,0.007750858,0.07170085,-0.016041737,0.08774258
GM_804,-0.0027529225,0.004408959,0.027443333,-0.031311557,0.05875489
GM_805,-0.0016117619,0.005937703,0.043412242,-0.057554834,0.10096708
GM_806,-0.009543108,0.0060099093,0.010709257,-0.054807693,0.06551695
GM_807,-0.00029049895,0.0030657721,0.015865425,-0.027504897,0.04337032
GM_808,0.000558758,0.0020867093,0.050415132,-0.011215644,0.061630778
GM_809,0.0011798338,0.0019120204,0.011856828,-0.010379036,0.022235863
GM_810,0.00045997585,0.0024846357,0.015279305,-0.035055462,0.050334767
GM_811,0.0023353319,0.0058979657,0.036378514,-0.030422222,0.066800736
GM_812,-0.0049127773,0.0064201346,0.024467222,-0.076299466,0.10076669
GM_813,0.003490665,0.0071640383,0.065181024,-0.057395324,0.12257635
GM_814,-0.00048196124,0.0025749758,0.011353016,-0.03109206,0.04244508
GM_815,0.00079494476,0.006571629,0.044838358,-0.050698966,0.09553732
GM_816,-0.0005853732,0.0054806643,0.043240234,-0.0350747,0.07831493
GM_817,0.0003016501,0.006085552,0.040247954,-0.052378062,0.09262602
GM_818,0.00019561096,0.0061196703,0.06319701,-0.046621796,0.1098188
GM_819,0.00023017157,0.006854607,0.078009956,-0.04755484,0.1255648
GM_820,0.0017793461,0.0075703384,0.07067483,-0.039426595,0.110101424
GM_821,-6.652319e-05,0.0031405175,0.037392993,-0.02010929,0.057502285
GM_822,0.0013220651,0.0049598655,0.040818922,-0.01889693,0.059715852
GM_823,-0.0014915019,0.005441435,0.029169522,-0.04358477,0.07275429
GM_824,-0.0015999224,0.007171218,0.034235317,-0.04541855,0.07965387
GM_825,-0.0007043612,0.0070184637,0.0528756,-0.05293807,0.10581367
GM_826,0.0012354801,0.005549,0.04253196,-0.04222202,0.084753975
GM_827,0.0003523825,0.0065953434,0.0588078,-0.040754855,0.09956266
GM_828,0.0024220243,0.0050540855,0.03508162,-0.034512565,0.06959419
GM_829,0.00046643708,0.004738563,0.033357974,-0.032791495,0.06614947
GM_830,-0.0005408541,0.0054608556,0.07592005,-0.048363253,0.12428331
GM_831,-0.0026083125,0.006262965,0.035673413,-0.077270776,0.112944186
GM_832,0.0022728788,0.0057503297,0.05809566,-0.038659982,0.09675564
GM_833,-0.0015390349,0.005305895,0.03157181,-0.04652819,0.078099996
GM_834,0.00079713133,0.0016607163,0.020560293,-0.017431486,0.037991777
GM_835,-0.00010739863,0.0051937443,0.021582888,-0.068669915,0.0902528
GM_836,-0.0047454536,0.009644582,0.038779475,-0.081360556,0.12014003
GM_837,0.003351032,0.0031257968,0.032040115,-0.014579029,0.046619143
GM_838,-0.0012442424,0.008148202,0.045230426,-0.059746332,0.10497676
GM_839,-0.007867327,0.012687231,0.06845482,-0.09755058,0.1660054
GM_840,-0.0018283257,0.004258403,0.014994137,-0.0377615,0.052755635
GM_841,-0.002210649,0.00406024,0.027405536,-0.058266517,0.08567205
GM_842,0.00018823399,0.006191586,0.044974662,-0.03521885,0.08019351
GM_843,0.002010598,0.0038957617,0.030190378,-0.023610702,0.053801082
GM_844,-0.00063178147,0.003302023,0.020018216,-0.02805414,0.048072357
GM_845,-0.00085978996,0.0036496446,0.105614424,-0.03212139,0.13773581
GM_846,0.0029002428,0.0080589745,0.09754625,-0.04243283,0.13997908
GM_847,-0.00085415464,0.0050046425,0.024754625,-0.03282624,0.057580866
GM_848,0.0006119254,0.005470908,0.038388938,-0.035144974,0.07353391
GM_849,0.0040779496,0.008219917,0.07748115,-0.039524995,0.117006145
GM_850,-0.0035960497,0.004759343,0.016825674,-0.06335966,0.08018534
GM_851,-5.6957208e-05,0.0048743696,0.031746168,-0.030742014,0.062488183
GM_852,0.0015065521,0.00534332,0.078945465,-0.02137045,0.10031591
GM_853,-0.00021888748,0.0057064975,0.03868793,-0.035943948,0.07463188
GM_854,-0.00073092885,0.007103112,0.07283315,-0.06667889,0.13951203
GM_855,-0.0007664608,0.005561498,0.033302475,-0.035195086,0.06849756
GM_856,-0.0044451836,0.00700419,0.029979415,-0.064849846,0.09482926
GM_857,0.0003277043,0.0064956676,0.04453291,-0.0370345,0.08156741
GM_858,-0.00012802996,0.0046873516,0.046190407,-0.03629983,0.082490236
GM_859,0.0016477167,0.0036311403,0.031042267,-0.034922786,0.06596506
GM_860,0.00067204883,0.0033983416,0.019227842,-0.094053015,0.113280855
GM_861,-0.0060543814,0.0048973574,0.06639089,-0.03574725,0.10213813
GM_862,0.00027299882,0.0053776377,0.03222972,-0.050404184,0.082633905
GM_863,0.0050377715,0.01134634,0.11163713,-0.04720988,0.158847
GM_864,0.009228266,0.01205975,0.064942874,-0.08515222,0.1500951
GM_865,0.0030086446,0.011075154,0.08667715,-0.044741604,0.13141875
GM_866,0.001703372,0.005414213,0.037955966,-0.028840428,0.06679639
GM_867,0.0008212255,0.0045964634,0.037761565,-0.023841325,0.06160289
GM_868,-0.0021701178,0.005367821,0.03899115,-0.037309185,0.07630034
GM_869,-0.003767987,0.008371563,0.04509932,-0.078924984,0.1240243
GM_870,-0.0008433838,0.004019665,0.035876267,-0.032828745,0.06870501
GM_871,-0.0020993026,0.0054189917,0.024166318,-0.04851358,0.0726799
GM_872,-0.0027048453,0.0065214196,0.047893994,-0.040936537,0.08883053
GM_873,-0.00210475,0.0050582536,0.055078063,-0.051546156,0.106624216
GM_874,0.004766756,0.0074042184,0.07278051,-0.01911464,0.09189515
GM_875,-0.008716624,0.01281412,0.04320586,-0.098912045,0.1421179
GM_876,0.0051785363,0.005108203,0.06565127,-0.01571433,0.0813656
GM_877,0.0022055896,0.006960683,0.046843596,-0.035447367,0.08229096
GM_878,0.0027981496,0.0068822578,0.06797843,-0.034454554,0.10243298
GM_879,-0.0043600504,0.0066802343,0.020350223,-0.07638091,0.096731134
GM_880,-0.0012809495,0.0062805824,0.03878161,-0.04828191,0.08706352
GM_881,-0.0016241159,0.008307613,0.04764482,-0.08142441,0.12906922
GM_882,0.000807516,0.0057035396,0.036759052,-0.06473081,0.10148986
GM_883,0.0021774366,0.0047764275,0.036230866,-0.027443618,0.06367448
GM_884,0.002513626,0.005340309,0.030278448,-0.021433868,0.051712316
GM_885,0.00048663947,0.0013740289,0.012058486,-0.008287078,0.020345565
GM_886,0.0031016506,0.007531096,0.06720453,-0.040391188,0.10759571
GM_887,-0.0030081556,0.0068328916,0.062127735,-0.06506668,0.12719442
GM_888,0.0022763177,0.0060383426,0.048520394,-0.038020298,0.08654069
GM_889,0.0019587397,0.007720351,0.061630543,-0.04367924,0.105309784
GM_890,-0.0013980872,0.0041061966,0.027027572,-0.024507513,0.051535085
GM_891,-0.0007735703,0.0055932933,0.04409978,-0.04291533,0.08701511
GM_892,-0.0021122564,0.008013672,0.0613857,-0.065656,0.1270417
GM_893,0.0022255864,0.008907485,0.16713557,-0.07666709,0.24380267
GM_894,-0.0070403665,0.0059484243,0.027700514,-0.033458572,0.061159085
GM_895,-0.0018448903,0.0017923972,0.0048848037,-0.01855003,0.023434835
GM_896,0.0017197812,0.001906764,0.015090199,-0.010992483,0.026082683
GM_897,0.0009729025,0.005783718,0.050798383,-0.03248214,0.08328052
GM_898,0.00044047713,0.0043137604,0.053159658,-0.038774997,0.09193465
GM_899,0.0018974787,0.004852787,0.034305636,-0.021989755,0.05629539
GM_900,0.0012974407,0.0040976894,0.038063828,-0.01970827,0.0577721
GM_901,-0.0004942812,0.008476857,0.046532307,-0.12215198,0.16868429
GM_902,0.0015450803,0.0031850243,0.03551194,-0.023897259,0.0594092
GM_903,0.00054566027,0.0022413316,0.021721957,-0.014664424,0.03638638
GM_904,-0.0021556595,0.009234169,0.04636862,-0.06869103,0.11505965
GM_905,-0.0033913306,0.010179614,0.056091744,-0.10116819,0.15725994
GM_906,-0.0035819092,0.009194295,0.039404497,-0.07503113,0.11443563
GM_907,0.0014330136,0.0029556402,0.030952511,-0.014282056,0.04523457
GM_908,0.0016377415,0.0050675143,0.05557266,-0.02717346,0.08274612
GM_909,0.0032206562,0.00682483,0.059893593,-0.054478172,0.11437176
GM_910,-0.00017712839,0.0021127462,0.019543478,-0.023221498,0.042764977
GM_911,7.9251885e-07,0.0033297678,0.025898192,-0.021255028,0.04715322
GM_912,-0.0023648492,0.006706203,0.0357245,-0.038849246,0.07457374
GM_913,0.00014578461,0.0047692964,0.049317274,-0.037703,0.08702028
GM_914,-0.001986868,0.0016927008,0.0141215995,-0.02025696,0.03437856
GM_915,-0.0020203795,0.0036514697,0.021438055,-0.03482913,0.056267183
GM_916,-0.00034776793,0.0025410147,0.04842349,-0.026418868,0.07484236
GM_917,0.0015493743,0.0057294033,0.049253132,-0.09157035,0.14082348
GM_918,-0.008466452,0.009770639,0.044750515,-0.09276771,0.13751823
GM_919,-0.0017016458,0.0050159097,0.039043967,-0.047300085,0.08634405
GM_920,0.0024234846,0.00966352,0.073693864,-0.06825963,0.1419535
GM_921,-0.0020278152,0.0119804265,0.06510147,-0.07612864,0.1412301
GM_922,0.00021082444,0.0047195265,0.043334562,-0.070721835,0.11405639
GM_923,0.0015303894,0.0071643596,0.055383265,-0.07525825,0.13064152
GM_924,0.003151165,0.009653204,0.09974544,-0.04618351,0.14592895
GM_925,0.004667855,0.005264676,0.04430107,-0.021410454,0.06571153
GM_926,-0.00020562863,0.0069473726,0.038731903,-0.07046225,0.10919415
GM_927,0.00030990734,0.0032567624,0.025201999,-0.024866028,0.05006803
GM_928,-7.669288e-05,0.0035846587,0.022255296,-0.026211636,0.048466932
GM_929,0.0028792596,0.0034578831,0.031933967,-0.018183637,0.050117604
GM_930,0.00088247727,0.0042991647,0.03575989,-0.025775025,0.06153491
GM_931,-0.002329159,0.011519975,0.061911013,-0.073183686,0.1350947
GM_932,0.0009447249,0.0046431064,0.05234724,-0.038304742,0.09065198
GM_933,0.0029143668,0.005281223,0.036706418,-0.045705516,0.08241193
GM_934,-0.00014198576,0.004660003,0.036756977,-0.055482987,0.09223996
GM_935,0.0013222225,0.0033508558,0.05229479,-0.030729007,0.0830238
GM_936,0.0029584097,0.008194608,0.1678336,-0.08812323,0.25595683
GM_937,-0.0035712167,0.007190921,0.053458676,-0.043382067,0.09684074
GM_938,-0.0058631715,0.008228748,0.059255615,-0.0725184,0.13177401
GM_939,0.0029919182,0.005203335,0.04466475,-0.025632037,0.07029679
GM_940,0.0024162764,0.0036977697,0.051924348,-0.011830501,0.06375485
GM_941,0.004205043,0.006846705,0.07387999,-0.03378867,0.10766865
GM_942,0.0011845479,0.006009718,0.045853123,-0.034214005,0.08006713
GM_943,0.0021865892,0.0051406967,0.035980422,-0.041583672,0.07756409
GM_944,-0.0037415456,0.006959925,0.02274696,-0.05842608,0.08117304
GM_945,-0.0016187333,0.0065742503,0.037148714,-0.04613719,0.083285905
GM_946,-0.00018221611,0.003625234,0.02656197,-0.02402605,0.05058802
GM_947,-0.0025935275,0.008260579,0.03566887,-0.04768556,0.08335443
GM_948,0.0010228223,0.0076419967,0.07084575,-0.07289657,0.14374232
GM_949,0.000972619,0.0016959115,0.01098124,-0.013845447,0.024826687
GM_950,0.0035176119,0.0053945794,0.06061609,-0.019771788,0.080387875
GM_951,4.0684452e-05,0.0077338573,0.07500524,-0.057625033,0.13263027
GM_952,0.00042659344,0.0073236474,0.04062468,-0.046747915,0.0873726
GM_953,0.00050815375,0.0036677325,0.022614654,-0.027989056,0.05060371
GM_954,0.00066418207,0.006245257,0.078411855,-0.0384931,0.11690496
GM_955,0.0021807784,0.0033405141,0.022975855,-0.017448341,0.040424198
GM_956,0.0021720673,0.0035797502,0.05266141,-0.02422259,0.076884
GM_957,-0.0017428816,0.0060772365,0.058740254,-0.047259368,0.10599962
GM_958,-0.0031484761,0.0053032376,0.082748786,-0.04144622,0.12419501
GM_959,-0.0012556805,0.0073333383,0.043986216,-0.05254982,0.09653604
GM_960,-0.00086380745,0.0040680333,0.024119964,-0.02421157,0.048331536
GM_961,0.0018423875,0.007165605,0.06531807,-0.031144755,0.09646282
GM_962,-0.0013701105,0.004928198,0.026912088,-0.046021882,0.07293397
GM_963,-0.0008437769,0.004458945,0.027521193,-0.026064912,0.053586103
GM_964,-1.3245249e-05,0.003272641,0.026406908,-0.020582229,0.046989135
GM_965,0.0016434792,0.008343386,0.069390155,-0.056665566,0.12605572
GM_966,0.00026804308,0.006097444,0.07063915,-0.047834866,0.118474014
GM_967,-0.0013753903,0.004641924,0.019840732,-0.058706265,0.078547
GM_968,-0.000270754,0.0052026305,0.02721795,-0.061653327,0.08887128
GM_969,-0.00074203877,0.0027403543,0.021123849,-0.031222258,0.052346107
GM_970,0.0010464153,0.0048896065,0.0399331,-0.06706552,0.10699862
GM_971,-0.00068333343,0.00808686,0.09500782,-0.030076982,0.1250848
GM_972,-0.0006322518,0.005865079,0.034347553,-0.060307022,0.094654575
GM_973,0.0092913145,0.011096341,0.10172785,-0.03320231,0.13493016
GM_974,0.001365193,0.005888047,0.0628828,-0.030116903,0.092999704
GM_975,0.0023253264,0.0055140755,0.038328387,-0.04308604,0.08141443
GM_976,-0.0032656132,0.009388195,0.054096494,-0.050806418,0.10490291
GM_977,0.018830355,0.013256468,0.11401204,-0.021725055,0.13573709
GM_978,0.00043087488,0.002695204,0.020190684,-0.021225374,0.041416056
GM_979,-0.0021284998,0.0040754685,0.030108668,-0.04889336,0.07900202
GM_980,0.0020425147,0.0045090397,0.032145675,-0.033235412,0.06538109
GM_981,0.0007445117,0.0031455623,0.020546857,-0.02571739,0.046264246
GM_982,0.0022657698,0.0077234777,0.060508702,-0.04085813,0.10136683
GM_983,0.0006392842,0.0051604863,0.041464046,-0.041736946,0.08320099
GM_984,0.0007280413,0.0046160766,0.034104116,-0.026832443,0.06093656
GM_985,0.003114684,0.0062718955,0.06264147,-0.028576974,0.09121844
GM_986,0.0014222082,0.0038248359,0.050314005,-0.022771705,0.07308571
GM_987,-0.0065592006,0.008834052,0.035553757,-0.07920186,0.114755616
GM_988,-0.00156432,0.0042746365,0.022808347,-0.027151506,0.049959853
GM_989,0.00037880888,0.0055258814,0.058508676,-0.035111517,0.093620196
GM_990,0.001569587,0.0024761069,0.052099973,-0.014338578,0.06643855
GM_991,0.0014777244,0.0063456725,0.044845216,-0.033387788,0.078233
GM_992,0.00066398183,0.0022656505,0.01697128,-0.013428192,0.030399472
GM_993,-0.011526461,0.012272717,0.0150945885,-0.09414566,0.10924025
GM_994,0.00051639386,0.003246675,0.03976693,-0.019654434,0.059421364
GM_995,0.0010719814,0.003361114,0.040243883,-0.035349224,0.07559311
GM_996,-0.003270072,0.00642215,0.02099537,-0.071501486,0.09249686
GM_997,0.001967447,0.005111426,0.06770548,-0.025008922,0.09271441
GM_998,-0.00010961596,0.0035341745,0.020416753,-0.039546546,0.0599633
GM_999,-0.00013304884,0.0054545584,0.05038236,-0.03464488,0.08502724
GM_1000,0.0011313407,0.0057774317,0.04186307,-0.064186424,0.10604949
GM_1001,-0.0013592917,0.0084165055,0.05272536,-0.07219304,0.1249184
GM_1002,0.010215513,0.021873146,0.13128503,-0.08380582,0.21509084
GM_1003,-0.0007172712,0.004933896,0.025315544,-0.03825811,0.06357365
GM_1004,-0.0010245874,0.0052391007,0.032955088,-0.04414079,0.07709588
GM_1005,-0.002911733,0.010726862,0.056492805,-0.067307405,0.12380021
GM_1006,9.9870915e-05,0.007547951,0.051812872,-0.03431806,0.08613093
GM_1007,-0.0038268727,0.0065879514,0.022072962,-0.05675561,0.07882857
GM_1008,0.0040771486,0.006092205,0.04097098,-0.028282665,0.069253646
GM_1009,-0.0022588389,0.00526868,0.029010547,-0.03655205,0.0655626
GM_1010,-0.0021691844,0.0043631047,0.019485723,-0.03701565,0.056501374
GM_1011,0.00044721077,0.0056667207,0.16225949,-0.022137452,0.18439694
GM_1012,-0.0018025106,0.003124419,0.015515138,-0.02845481,0.043969948
GM_1013,0.0019477278,0.007309092,0.049305193,-0.035862103,0.085167296
GM_1014,-0.0008958643,0.0044782255,0.039979026,-0.042854022,0.08283305
GM_1015,0.0055778567,0.0063177412,0.0748412,-0.016022066,0.090863265
GM_1016,-0.00090198824,0.0062282397,0.03799695,-0.057171304,0.095168255
GM_1017,-0.0024598541,0.007743464,0.047169697,-0.05622105,0.103390746
GM_1018,0.0028534895,0.0042485762,0.035115507,-0.026582092,0.0616976
GM_1019,-0.0018724453,0.008405644,0.03514438,-0.06906509,0.10420947
GM_1020,0.00420709,0.006825914,0.12609741,-0.03419746,0.16029488
GM_1021,-0.0041540437,0.009364626,0.06182975,-0.06725166,0.12908141
GM_1022,0.042166192,0.022586929,0.16454428,-0.033685558,0.19822985
GM_1023,0.0016316398,0.0134304445,0.082374364,-0.1136148,0.19598916
GM_1024,0.0010560448,0.005670137,0.043828946,-0.041062735,0.08489168
GM_1025,0.0024974362,0.00563779,0.0662701,-0.03474067,0.10101077
GM_1026,0.00095714704,0.0038084458,0.037485316,-0.04049876,0.07798408
GM_1027,0.0028409855,0.007382625,0.08045353,-0.030911922,0.11136545
GM_1028,-0.000607624,0.004346473,0.029782077,-0.03581865,0.06560073
GM_1029,-0.00066570396,0.008683392,0.052724004,-0.05115112,0.10387512
GM_1030,0.0008012013,0.0029556588,0.022953369,-0.036961973,0.05991534
GM_1031,0.0044182823,0.006823885,0.07138386,-0.02496729,0.096351154
GM_1032,-0.0007041917,0.0036625334,0.024486274,-0.052616652,0.07710293
GM_1033,-0.000390657,0.00446038,0.03015765,-0.035200696,0.06535835
GM_1034,0.0005444946,0.006245837,0.045091946,-0.045421842,0.09051379
GM_1035,-0.0068064104,0.015931698,0.1523036,-0.10455556,0.25685918
GM_1036,0.0012354377,0.00767912,0.05360708,-0.07391493,0.127522
GM_1037,0.00040116868,0.00624797,0.049035437,-0.03407448,0.083109915
GM_1038,0.0020696246,0.0032459882,0.03669061,-0.020237915,0.056928527
GM_1039,-0.0022712923,0.0072411504,0.03749634,-0.0933214,0.13081774
GM_1040,3.9647926e-05,0.0061395536,0.050851483,-0.036926087,0.08777757
GM_1041,-0.0030780404,0.0056124926,0.06232933,-0.061566792,0.12389612
GM_1042,-0.0007033423,0.0037806768,0.026463065,-0.022134855,0.04859792
GM_1043,0.002108701,0.007990843,0.067838624,-0.04624994,0.114088565
GM_1044,0.003610602,0.008141977,0.07411358,-0.04740584,0.12151942
GM_1045,-0.0010383073,0.0052058455,0.03205159,-0.04218917,0.07424076
GM_1046,0.00068624906,0.0038167485,0.037973348,-0.022616055,0.060589403
GM_1047,0.02762837,0.028031357,0.15039918,-0.014226995,0.16462618
GM_1048,0.001008934,0.0041090697,0.029408958,-0.035167642,0.064576596
GM_1049,-0.004485765,0.01012064,0.040599886,-0.069408916,0.110008806
GM_1050,0.003757378,0.00447276,0.041193992,-0.011862044,0.053056035
GM_1051,0.0030268496,0.006884506,0.06815206,-0.034865197,0.103017256
GM_1052,0.002310149,0.0055188094,0.0675314,-0.018512368,0.08604377
GM_1053,-0.002939589,0.004586296,0.013973763,-0.057969376,0.07194314
GM_1054,0.0016625319,0.006652654,0.050350282,-0.03237061,0.08272089
GM_1055,-0.004757956,0.005466657,0.03759583,-0.04083378,0.07842961
GM_1056,-0.0010540294,0.0059934957,0.0355786,-0.036087424,0.071666025
GM_1057,-0.0016649108,0.00685459,0.038167536,-0.057123385,0.09529092
GM_1058,-0.00011040307,0.005513623,0.052531708,-0.04779886,0.10033057
GM_1059,0.0021031087,0.0064171,0.13281769,-0.04396398,0.17678167
GM_1060,-0.0021062116,0.007229331,0.047238566,-0.057834834,0.1050734
GM_1061,-0.00033908145,0.00660706,0.051152416,-0.054943964,0.10609638
GM_1062,0.0026426518,0.0041824235,0.05397802,-0.022388807,0.07636683
GM_1063,7.6591714e-05,0.00484071,0.043699477,-0.043726385,0.08742586
GM_1064,0.0023165077,0.004284059,0.051518194,-0.015987277,0.06750547
GM_1065,0.00055773655,0.0043632225,0.045830596,-0.02762524,0.07345584
GM_1066,-0.00016592289,0.0035913824,0.022838652,-0.040976286,0.06381494
GM_1067,0.0021224676,0.0059931837,0.07537646,-0.04816796,0.12354442
GM_1068,0.0006979479,0.004833609,0.04558333,-0.024727782,0.070311114
GM_1069,-0.0012867982,0.0068657566,0.04232394,-0.0586011,0.10092504
GM_1070,-0.000249103,0.005198928,0.035221905,-0.03317987,0.068401776
GM_1071,-0.00043687757,0.0031867765,0.017661475,-0.024654234,0.042315707
GM_1072,-9.54514e-05,0.0043632537,0.03365655,-0.024506595,0.058163144
GM_1073,-0.0015861188,0.0066556176,0.0242519,-0.06839907,0.09265097
GM_1074,-0.0033739894,0.009103364,0.058249153,-0.082728505,0.14097765
GM_1075,0.0011590737,0.002583879,0.024047665,-0.042872246,0.06691991
GM_1076,-0.0013994353,0.007038745,0.053690612,-0.05920747,0.11289808
GM_1077,-9.5710375e-06,0.007792068,0.058552563,-0.044967357,0.10351992
GM_1078,0.0004612458,0.004883791,0.038903985,-0.038521618,0.0774256
GM_1079,-0.002349873,0.0052042613,0.028587263,-0.0765801,0.10516736
GM_1080,-0.0019245181,0.005581706,0.027878407,-0.050477695,0.0783561
GM_1081,-0.00080992223,0.0037534698,0.018960495,-0.04247432,0.061434813
GM_1082,0.0030743363,0.0066744545,0.055317156,-0.032170832,0.08748799
GM_1083,-0.0011955008,0.006964911,0.033863634,-0.08068175,0.11454538
GM_1084,-0.005800722,0.008891415,0.035254862,-0.07856477,0.11381963
GM_1085,0.0005835047,0.0058454103,0.04675129,-0.06961861,0.1163699
GM_1086,-0.0010080999,0.007675232,0.041851662,-0.059568003,0.101419665
GM_1087,0.0006089475,0.002330491,0.01863745,-0.033797473,0.05243492
GM_1088,0.00284552,0.0050028763,0.042023048,-0.033090852,0.0751139
GM_1089,-0.0027177522,0.008171611,0.0465965,-0.058269516,0.10486601
GM_1090,-0.00070302805,0.004016097,0.03335565,-0.056645215,0.09000087
GM_1091,0.0012539596,0.005498665,0.038622975,-0.044011593,0.08263457
GM_1092,0.0018421328,0.005247724,0.050919663,-0.03735999,0.08827965
GM_1093,0.0007613282,0.002954366,0.019714773,-0.04023693,0.059951704
GM_1094,0.001013914,0.0075957463,0.054174464,-0.03889146,0.093065925
GM_1095,-0.0004112354,0.0049591768,0.041667663,-0.03526012,0.07692778
GM_1096,0.005115416,0.009679484,0.097491056,-0.040708084,0.13819914
GM_1097,-0.0008431327,0.009000916,0.09590739,-0.07162917,0.16753656
GM_1098,-0.0017289767,0.006479212,0.056550026,-0.043571852,0.10012188
GM_1099,-0.0045889406,0.006583555,0.024551213,-0.10926848,0.1338197
GM_1100,0.00010828145,0.0021253028,0.021613006,-0.019862978,0.04147598
GM_1101,-0.0013670884,0.007825679,0.05873937,-0.04626992,0.10500929
GM_1102,0.0046588024,0.0067335395,0.05478872,-0.025718989,0.08050771
GM_1103,0.0048844004,0.009300658,0.07776949,-0.059061285,0.13683078
GM_1104,-0.003031945,0.012509688,0.052606463,-0.06886817,0.12147463
GM_1105,-0.0002766445,0.0047608386,0.118958585,-0.026316255,0.14527485
GM_1106,-0.0010453352,0.0037920428,0.032492746,-0.028535062,0.06102781
GM_1107,0.0009204088,0.0043621077,0.030786244,-0.036710422,0.067496665
GM_1108,-0.00010579312,0.006428897,0.04748696,-0.04332413,0.09081109
GM_1109,0.013613657,0.010231175,0.117089614,-0.020279745,0.13736936
GM_1110,-0.0009955649,0.0074659144,0.03973234,-0.06606746,0.105799794
GM_1111,0.0008673425,0.006337353,0.06699766,-0.052722532,0.11972019
GM_1112,0.0015729235,0.007952454,0.0768843,-0.08023857,0.15712288
GM_1113,-0.0010410643,0.005374194,0.026710955,-0.040706553,0.06741751
GM_1114,0.004328725,0.0050672097,0.053783912,-0.01625875,0.07004266
GM_1115,0.0005675387,0.0033830141,0.03234824,-0.01615949,0.04850773
GM_1116,-0.00080988393,0.008095451,0.056851998,-0.066782445,0.12363444
GM_1117,0.003000611,0.006294189,0.053239092,-0.028027315,0.0812664
GM_1118,0.0009342795,0.004255833,0.030091941,-0.023820372,0.05391231
GM_1119,0.0017787896,0.005858365,0.059693776,-0.045350622,0.105044395
GM_1120,0.00010119648,0.003382785,0.047129918,-0.026155703,0.073285624
GM_1121,-0.001661011,0.0054697767,0.029464405,-0.068541214,0.09800562
GM_1122,0.0032787614,0.008125477,0.04556209,-0.04734912,0.09291121
GM_1123,0.0005280667,0.0066864267,0.050397005,-0.033998635,0.08439564
GM_1124,0.00053456175,0.004339519,0.037602074,-0.01775895,0.055361025
GM_1125,0.0006873955,0.0040852344,0.02713847,-0.022094844,0.049233314
GM_1126,-0.000980012,0.0053297253,0.038057514,-0.038682632,0.076740146
GM_1127,-0.0003139979,0.004691356,0.032498475,-0.0267928,0.059291273
GM_1128,-0.011868005,0.010991753,0.026832318,-0.10457716,0.13140948
GM_1129,0.0053090253,0.0059693274,0.05482442,-0.019077802,0.07390222
GM_1130,0.0018446576,0.0055046617,0.055983525,-0.041981705,0.097965226
GM_1131,0.0006202802,0.003219178,0.024421241,-0.024355598,0.04877684
GM_1132,0.0003907694,0.0030787936,0.030201567,-0.016114848,0.046316415
GM_1133,0.0045927693,0.011481498,0.06099872,-0.0595627,0.12056142
GM_1134,0.0011536451,0.0064843507,0.049436223,-0.031038087,0.08047431
GM_1135,0.0010519701,0.0016796965,0.012777071,-0.010432412,0.023209482
GM_1136,0.0020835921,0.0063236128,0.04501975,-0.036493104,0.08151285
GM_1137,0.0006502784,0.0028186855,0.021479573,-0.04240959,0.06388916
GM_1138,0.0010170554,0.006470065,0.060763717,-0.053720497,0.11448421
GM_1139,-0.002138748,0.005293757,0.023525093,-0.054380853,0.077905945
GM_1140,-0.000107236345,0.0040118657,0.040860906,-0.037430726,0.07829163
GM_1141,0.00047497277,0.004533813,0.041942805,-0.041511822,0.083454624
GM_1142,0.0031342227,0.0077165556,0.05755154,-0.038765937,0.09631748
GM_1143,-4.6207428e-05,0.006940465,0.057448696,-0.08124464,0.13869333
GM_1144,-4.6733665e-05,0.0041671414,0.029013194,-0.021340638,0.050353833
GM_1145,-0.00031456447,0.0059764152,0.030313605,-0.055619147,0.085932754
GM_1146,0.0010087998,0.004592615,0.037257303,-0.023990035,0.061247338
GM_1147,0.0023976425,0.006468498,0.04172059,-0.029666204,0.0713868
GM_1148,-0.0019665533,0.0056106644,0.040041693,-0.042960238,0.08300193
GM_1149,0.00047017663,0.0059175882,0.03813562,-0.062233396,0.10036902
GM_1150,-0.0005035265,0.005007069,0.0406992,-0.035886,0.0765852
GM_1151,-0.001535862,0.0044869753,0.014059983,-0.07349581,0.087555796
GM_1152,0.008004853,0.0063075065,0.0660071,-0.018132243,0.08413935
GM_1153,-0.0025057353,0.004283876,0.020980561,-0.02879218,0.04977274
GM_1154,0.008055798,0.0082107885,0.06624857,-0.014977002,0.081225574
GM_1155,0.0008166064,0.005658698,0.038985893,-0.07397244,0.112958334
GM_1156,-0.0012941384,0.006378866,0.03099402,-0.061482042,0.09247606
GM_1157,-0.0024035522,0.0059637534,0.02921197,-0.08879683,0.1180088
GM_1158,0.0011446096,0.006058233,0.05365763,-0.027846966,0.0815046
GM_1159,0.00033965745,0.005746554,0.04305253,-0.03692677,0.0799793
GM_1160,-0.00063016295,0.0063060527,0.051183905,-0.040258665,0.09144257
GM_1161,0.0010360114,0.005122357,0.0405402,-0.0414145,0.0819547
GM_1162,-0.00022064298,0.006816975,0.061583832,-0.04059933,0.10218316
GM_1163,-0.00045246084,0.0051134597,0.022100251,-0.033900313,0.056000564
GM_1164,-0.0003640552,0.0061335755,0.0557909,-0.03247516,0.08826606
GM_1165,0.0016137211,0.0055834455,0.06299552,-0.042767435,0.10576296
GM_1166,0.0010247228,0.0024313955,0.01947489,-0.0124847675,0.031959657
GM_1167,0.0006526317,0.0028643436,0.02289188,-0.023734748,0.046626627
GM_1168,0.00054779195,0.008581628,0.059099738,-0.05192352,0.11102326
GM_1169,-0.00062436145,0.007383705,0.07072363,-0.04823049,0.11895412
GM_1170,-0.008839041,0.009150747,0.03391034,-0.08390757,0.11781791
GM_1171,0.0034250885,0.008035927,0.049248345,-0.031148093,0.080396436
GM_1172,0.0006733067,0.0050695403,0.06098111,-0.04527288,0.10625399
GM_1173,-0.0019403426,0.0089583825,0.03663485,-0.07197348,0.108608335
GM_1174,-0.0010061992,0.005740946,0.048965793,-0.05216944,0.10113523
GM_1175,0.0008562813,0.008239077,0.056419052,-0.060853027,0.11727208
GM_1176,0.003293543,0.006738347,0.038071,-0.029733453,0.067804456
GM_1177,-0.0005863937,0.0015459143,0.006902338,-0.011747931,0.01865027
GM_1178,0.0014984666,0.01021436,0.061559398,-0.052104946,0.113664344
GM_1179,-0.004706074,0.0058979634,0.01820984,-0.042991243,0.06120108
GM_1180,5.893546e-05,0.0012965298,0.0070162704,-0.013906915,0.020923186
GM_1181,0.00034978316,0.0036808196,0.035748255,-0.028934449,0.06468271
GM_1182,-0.0015993314,0.008588409,0.05132953,-0.07797035,0.12929988
GM_1183,0.000439072,0.0053316248,0.035955165,-0.03694601,0.072901174
GM_1184,-0.0045360336,0.00765265,0.029555785,-0.059166066,0.08872185
GM_1185,-0.0017034046,0.0041677463,0.0211563,-0.0294731,0.0506294
GM_1186,0.0028834057,0.0042373487,0.040740035,-0.023077937,0.06381797
GM_1187,0.0012633023,0.0070761214,0.054178383,-0.053094625,0.10727301
GM_1188,0.0027245148,0.0057108984,0.036658026,-0.03602842,0.07268645
GM_1189,0.0016950006,0.0045286524,0.046385154,-0.023317225,0.06970238
GM_1190,0.0017394525,0.0075652986,0.07174027,-0.052198756,0.12393902
GM_1191,0.00022227243,0.0021432936,0.016313925,-0.012541924,0.028855849
GM_1192,-0.00012811067,0.0028526767,0.0151381055,-0.01830319,0.033441294
GM_1193,-0.0010711493,0.0027267563,0.023603378,-0.018885093,0.04248847
GM_1194,-0.0010223006,0.0028799996,0.014436872,-0.027924845,0.042361718
GM_1195,0.0014399434,0.0034428828,0.038422655,-0.016271899,0.054694556
GM_1196,-0.0004539253,0.00559655,0.034140784,-0.05909179,0.09323257
GM_1197,0.0029878719,0.0059645465,0.0630361,-0.030117696,0.0931538
GM_1198,0.0026759405,0.0056121293,0.049265005,-0.022863675,0.07212868
GM_1199,-0.0003666938,0.0032808627,0.018155426,-0.022104729,0.040260155
GM_1200,-0.00034014526,0.004676603,0.02629996,-0.048171993,0.07447195
GM_1201,0.000101303194,0.005895018,0.034141716,-0.07626123,0.11040294
GM_1202,-0.004134325,0.0048598377,0.014488211,-0.04561021,0.060098425
GM_1203,-0.004588351,0.008009279,0.054504376,-0.07098486,0.12548923
GM_1204,-5.617534e-05,0.0062556155,0.040034793,-0.039008338,0.079043135
GM_1205,0.0016678766,0.005761247,0.04736017,-0.04166954,0.089029714
GM_1206,-0.00029822483,0.0032478168,0.027758956,-0.020677539,0.048436493
GM_1207,-0.0052993777,0.007932314,0.015518873,-0.11186382,0.1273827
GM_1208,-0.00019574951,0.0034038336,0.022542085,-0.024280787,0.046822872
GM_1209,0.0028334747,0.006226075,0.045034412,-0.03270693,0.07774134
GM_1210,0.00036022076,0.0062500387,0.030377144,-0.066516876,0.09689402
GM_1211,0.0043008747,0.0073677986,0.093294375,-0.030314062,0.12360844
GM_1212,-0.0006895791,0.0044358377,0.024877157,-0.030148737,0.055025894
GM_1213,-0.0019132637,0.004295757,0.018108258,-0.051313274,0.06942153
GM_1214,0.002073293,0.006572057,0.06577846,-0.027065817,0.09284428
GM_1215,-8.955338e-05,0.005128188,0.042731732,-0.0315144,0.07424613
GM_1216,0.013835474,0.010932311,0.078230254,-0.014057249,0.0922875
GM_1217,-0.00038790837,0.004972017,0.027504668,-0.04273178,0.070236444
GM_1218,0.0013966691,0.006454331,0.09287626,-0.03472797,0.12760423
GM_1219,0.0010242732,0.006557138,0.060729604,-0.0438975,0.1046271
GM_1220,0.0011047296,0.0049048597,0.053491466,-0.019944426,0.07343589
GM_1221,-0.0022570482,0.0043349126,0.04094593,-0.039543286,0.08048922
GM_1222,-0.00062130106,0.0054101,0.039244346,-0.029921884,0.06916623
GM_1223,3.3068736e-05,0.004769467,0.026912432,-0.041605487,0.06851792
GM_1224,-0.00039784738,0.005503366,0.031197181,-0.04569897,0.07689615
GM_1225,0.0013351744,0.0073944186,0.071242556,-0.045343623,0.11658618
GM_1226,-0.00050174654,0.008496365,0.047146603,-0.051818363,0.09896497
GM_1227,0.0004886734,0.0077124243,0.04886814,-0.06356061,0.112428755
GM_1228,-0.0037123177,0.013820924,0.0630641,-0.14762378,0.21068788
GM_1229,0.0023003125,0.007893376,0.062363856,-0.063863516,0.12622738
GM_1230,-0.0035268834,0.006831522,0.03409519,-0.06372219,0.09781738
GM_1231,-1.8584735e-05,0.0058718314,0.05879639,-0.04704913,0.105845526
GM_1232,-0.0032209863,0.0064731617,0.030960726,-0.07159472,0.10255545
GM_1233,0.002019993,0.005992766,0.058132455,-0.04038962,0.098522075
GM_1234,-0.000791449,0.0035719564,0.026822735,-0.02135092,0.048173655
GM_1235,0.0001553643,0.0025147046,0.0424738,-0.012764725,0.055238526
GM_1236,0.00480833,0.0074180686,0.059814125,-0.033485565,0.09329969
GM_1237,0.0012826985,0.0068512615,0.043509115,-0.046494663,0.09000377
GM_1238,-0.0019803746,0.005064856,0.034505043,-0.040152904,0.07465795
GM_1239,0.0018028374,0.0076682414,0.04686795,-0.048807617,0.09567557
GM_1240,-0.002166906,0.0069598295,0.03419897,-0.06770793,0.1019069
GM_1241,0.0005803473,0.0042794407,0.036533225,-0.020871742,0.057404965
GM_1242,0.00037654035,0.011455256,0.056273624,-0.055729188,0.11200281
GM_1243,0.0011774086,0.0060613416,0.06943165,-0.027272323,0.09670397
GM_1244,0.0017432282,0.0037892126,0.035408545,-0.018709002,0.054117545
GM_1245,-0.001919962,0.00553866,0.030359935,-0.0366851,0.06704503
GM_1246,-0.0011782845,0.0058406484,0.055901676,-0.03091034,0.08681202
GM_1247,-0.0034452865,0.0066110734,0.039955292,-0.08769863,0.12765393
GM_1248,-0.00051961426,0.004799942,0.030220049,-0.036813762,0.06703381
GM_1249,-0.00034816514,0.0041040415,0.025818216,-0.04848189,0.0743001
GM_1250,0.0011917419,0.004633367,0.03755052,-0.024330022,0.061880544
GM_1251,-0.00078142143,0.007763414,0.05430146,-0.04131874,0.0956202
GM_1252,-0.0036099565,0.008141016,0.063754015,-0.08199769,0.14575171
GM_1253,0.00022702453,0.0015483871,0.014880589,-0.008020324,0.022900913
GM_1254,-0.0015185507,0.002819645,0.02201246,-0.026322056,0.048334517
GM_1255,-4.1521922e-05,0.004325718,0.06226819,-0.01734155,0.07960974
GM_1256,0.010735351,0.01020507,0.14670709,-0.013768429,0.16047552
GM_1257,0.0011980691,0.0033226158,0.027314039,-0.017968863,0.0452829
GM_1258,1.7618255e-05,0.0032446953,0.022311002,-0.031908914,0.054219916
GM_1259,-0.001255889,0.0052484903,0.019418523,-0.039523993,0.058942515
GM_1260,0.001614811,0.006444036,0.054030456,-0.039565757,0.09359621
GM_1261,-0.00070088444,0.005156778,0.050646752,-0.04457871,0.09522546
GM_1262,-0.0070289876,0.005262389,0.011883482,-0.054754812,0.06663829
GM_1263,0.0023678958,0.0048629125,0.04322957,-0.023180744,0.06641031
GM_1264,0.0010190051,0.0060602427,0.049532164,-0.052904002,0.10243617
GM_1265,8.0086e-05,0.0039945315,0.01943237,-0.03684389,0.056276258
GM_1266,-0.004540534,0.009222548,0.045956697,-0.12191174,0.16786844
GM_1267,-2.5648342e-05,0.00066188484,0.0076639852,-0.007611273,0.015275259
GM_1268,0.00095894834,0.0029217373,0.026345009,-0.015985413,0.04233042
GM_1269,0.0018904628,0.009953135,0.08352471,-0.066535115,0.15005982
GM_1270,0.0017087783,0.0076930923,0.059448253,-0.044564195,0.104012445
GM_1271,0.0014620352,0.0042959657,0.041563787,-0.023936387,0.06550017
GM_1272,-0.00020603208,0.0032041878,0.02422713,-0.08332437,0.1075515
GM_1273,-0.0012269764,0.0050360025,0.024235796,-0.05173696,0.07597275
GM_1274,0.0002209093,0.001442517,0.012401834,-0.009782409,0.022184243
GM_1275,-2.1895417e-05,0.00772771,0.07744189,-0.043830138,0.12127203
GM_1276,-0.00054062356,0.004065311,0.03977034,-0.030881794,0.070652135
GM_1277,-0.00017608296,0.0043602544,0.038609106,-0.042756118,0.08136523
GM_1278,-0.0017801083,0.005684136,0.032965656,-0.03582713,0.06879279
GM_1279,0.00089030724,0.0054204543,0.038459104,-0.030927606,0.069386706
GM_1280,0.0024396088,0.004121434,0.028292302,-0.018815788,0.04710809
GM_1281,0.0004840838,0.0065700402,0.039866105,-0.045020573,0.08488668
GM_1282,-0.005276199,0.0077776117,0.034403045,-0.051903736,0.08630678
GM_1283,-0.0010104415,0.0049387943,0.02995622,-0.037541993,0.067498215
GM_1284,0.002122615,0.00562699,0.051370546,-0.03314054,0.08451109
GM_1285,0.0012039406,0.0036155619,0.025471926,-0.019801466,0.045273393
GM_1286,0.0035067822,0.0068578906,0.050165944,-0.032149237,0.08231518
GM_1287,-0.0010641717,0.004615386,0.027330112,-0.03486401,0.06219412
GM_1288,7.675706e-05,0.0040444545,0.01846827,-0.041718706,0.060186975
GM_1289,0.0037016878,0.007798507,0.04618048,-0.05893813,0.10511861
GM_1290,-0.0021441374,0.0043543996,0.019214036,-0.03191336,0.051127397
GM_1291,-0.0013821196,0.003567288,0.02481084,-0.03632094,0.06113178
GM_1292,0.0029033334,0.008643613,0.051305547,-0.063089654,0.1143952
GM_1293,-0.0014045499,0.0049946085,0.043306977,-0.04102206,0.08432904
GM_1294,-0.0025837722,0.003814746,0.014806374,-0.037365768,0.052172143
GM_1295,-0.005065342,0.012725773,0.051581625,-0.117721744,0.16930337
GM_1296,0.0063183163,0.009227682,0.115584254,-0.05441919,0.17000344
GM_1297,-0.0008385185,0.004873166,0.036392476,-0.03610947,0.07250194
GM_1298,-3.889836e-05,0.0048257825,0.046883266,-0.028610466,0.07549373
GM_1299,0.00016893675,0.0048277434,0.034151584,-0.0351424,0.06929398
GM_1300,0.00027605222,0.004489445,0.032307796,-0.039213914,0.071521714
GM_1301,-0.008812459,0.015323659,0.06484714,-0.119933486,0.18478063
GM_1302,0.0007482434,0.0040118657,0.038621094,-0.037417956,0.076039046
GM_1303,0.00238397,0.008676569,0.08848777,-0.051629875,0.14011765
GM_1304,-8.8126006e-05,0.00256923,0.01890372,-0.07039065,0.08929437
GM_1305,-0.00076609594,0.009569406,0.05019808,-0.061425764,0.11162384
GM_1306,-0.003148447,0.006971332,0.042011064,-0.052470744,0.09448181
GM_1307,-0.0001162244,0.0032304158,0.029231705,-0.017551528,0.04678323
GM_1308,0.0014287501,0.0058658323,0.06454349,-0.08486636,0.14940986
GM_1309,0.0033067071,0.00709756,0.05384956,-0.078405224,0.13225478
GM_1310,-0.00060280453,0.00402168,0.025507791,-0.027957277,0.05346507
GM_1311,-0.00020731965,0.0020652204,0.02074826,-0.017323203,0.03807146
GM_1312,-0.0008646733,0.0037443158,0.024649924,-0.033744793,0.058394715
GM_1313,0.0025573552,0.0070314277,0.046594962,-0.03496015,0.08155511
GM_1314,0.0021709553,0.007497359,0.060749255,-0.03816091,0.09891017
GM_1315,-0.0016352009,0.010243154,0.07302831,-0.06826329,0.1412916
GM_1316,7.9307894e-05,0.0035397443,0.021297723,-0.022989022,0.044286743
GM_1317,0.00012990847,0.0039433027,0.05182346,-0.021768698,0.073592156
GM_1318,-0.000611711,0.0023815387,0.021199685,-0.028296312,0.049495995
GM_1319,-0.0038804263,0.009486842,0.04492289,-0.09952709,0.14444998
GM_1320,0.0004955552,0.0073473384,0.052161854,-0.0592554,0.11141725
GM_1321,-0.0010278467,0.007770276,0.056965835,-0.069421165,0.126387
GM_1322,0.002481894,0.0074141724,0.046339568,-0.035653647,0.081993215
GM_1323,0.0004095765,0.002801101,0.013023364,-0.027606076,0.04062944
GM_1324,-0.0032436557,0.0064312518,0.027904077,-0.07347723,0.10138131
GM_1325,0.0017786078,0.006433865,0.12856643,-0.027243786,0.1558102
GM_1326,0.00029594227,0.0019440076,0.016587535,-0.0082788225,0.024866357
GM_1327,-0.00026681507,0.006468934,0.03278091,-0.04786382,0.08064473
GM_1328,7.706761e-05,0.004172694,0.027344938,-0.046386644,0.07373159
GM_1329,0.0008074438,0.0039520543,0.03231752,-0.066133894,0.09845141
GM_1330,0.0048383623,0.0058971085,0.04952768,-0.027414748,0.07694243
GM_1331,-0.0013755294,0.0060511515,0.03793558,-0.040887695,0.078823276
GM_1332,-0.0013257351,0.0055409074,0.032386966,-0.045564465,0.07795143
GM_1333,0.0017027986,0.0074243136,0.059775963,-0.06465409,0.12443005
GM_1334,0.00498718,0.008128901,0.06392259,-0.033329684,0.09725228
GM_1335,0.009323248,0.016706921,0.11866504,-0.119543456,0.2382085
GM_1336,0.001929353,0.004375985,0.053590186,-0.02515103,0.078741215
GM_1337,0.0010339569,0.002131251,0.042259563,-0.01525883,0.057518393
GM_1338,-0.0026351123,0.010471072,0.06534616,-0.0743874,0.13973355
GM_1339,0.0011545942,0.004500225,0.036452826,-0.05989724,0.09635007
GM_1340,0.0015598334,0.0062654596,0.06001295,-0.043881897,0.103894845
GM_1341,-0.00025162793,0.0019078123,0.02171694,-0.019053528,0.040770467
GM_1342,-0.0008452416,0.0029119744,0.011271363,-0.047932923,0.059204288
GM_1343,-0.00043735307,0.0047498844,0.026516574,-0.05346559,0.07998216
GM_1344,-0.0016845027,0.0033271147,0.02055987,-0.040258624,0.060818493
GM_1345,-0.0005726123,0.0058892807,0.031518098,-0.030486781,0.06200488
GM_1346,-0.0013232587,0.007898589,0.05835452,-0.0664522,0.12480672
GM_1347,-0.002592366,0.010101192,0.049526118,-0.060311,0.109837115
GM_1348,0.0004888804,0.0039808424,0.029485207,-0.042484272,0.07196948
GM_1349,0.00070341077,0.00398612,0.027858645,-0.018501244,0.04635989
GM_1350,0.002707033,0.0056561255,0.040993337,-0.031086698,0.07208003
GM_1351,0.0009291828,0.0050195456,0.03556329,-0.038040847,0.07360414
GM_1352,-0.0008544736,0.008069033,0.05159971,-0.054366235,0.10596594
GM_1353,-0.0041120877,0.015559849,0.08474476,-0.09950143,0.18424618
GM_1354,-0.002412594,0.0050518657,0.026991483,-0.04236392,0.0693554
GM_1355,0.0005799381,0.0041926107,0.036955,-0.034091923,0.07104692
GM_1356,-0.00086480513,0.005873757,0.03965465,-0.035081062,0.074735716
GM_1357,-0.004256647,0.010252395,0.01840273,-0.10289557,0.1212983
GM_1358,-0.0038723713,0.0051524607,0.02201233,-0.05075404,0.07276637
GM_1359,0.00087130954,0.004017647,0.040097486,-0.017780323,0.05787781
GM_1360,0.0011761416,0.0028738729,0.032309722,-0.016698988,0.049008712
GM_1361,0.0019412707,0.0052918345,0.04915556,-0.025668347,0.07482391
GM_1362,0.007953739,0.008499821,0.08421907,-0.02318725,0.10740632
GM_1363,-0.0007479754,0.009502934,0.06993361,-0.054394417,0.124328025
GM_1364,0.003367665,0.007881072,0.06930371,-0.047670435,0.116974145
GM_1365,-0.0029667914,0.004388687,0.017325457,-0.057331763,0.07465722
GM_1366,-0.0002924741,0.004249881,0.024465196,-0.02419611,0.048661307
GM_1367,-0.00039978186,0.0060382364,0.038162995,-0.061453693,0.09961669
GM_1368,0.0009464762,0.009243392,0.051240508,-0.060039032,0.11127954
GM_1369,0.002959293,0.006323498,0.046221826,-0.027312905,0.07353473
GM_1370,0.0010912763,0.0054355166,0.04243783,-0.03241643,0.074854255
GM_1371,0.002904777,0.005862845,0.07493066,-0.042975232,0.11790589
GM_1372,0.0017065727,0.008086812,0.08352474,-0.029401902,0.11292665
GM_1373,0.0036216709,0.005792906,0.074778944,-0.03520906,0.109988004
GM_1374,0.0012118373,0.003413795,0.02933877,-0.014384338,0.043723106
GM_1375,0.002966793,0.005746838,0.05886052,-0.03548357,0.094344094
GM_1376,0.0010638493,0.004645061,0.039428454,-0.026043478,0.06547193
GM_1377,-0.0005577127,0.0060295365,0.04275031,-0.056955103,0.09970541
GM_1378,-0.0010893458,0.0048473175,0.0344835,-0.039558526,0.07404202
GM_1379,-0.00057155837,0.0032952195,0.021180673,-0.05730292,0.07848359
GM_1380,0.00075760676,0.004708748,0.03976292,-0.027622448,0.06738537
GM_1381,-0.02438939,0.01429243,0.02031394,-0.111543246,0.13185719
GM_1382,0.03321448,0.018137427,0.14823534,-0.0167705,0.16500583
GM_1383,0.00061356055,0.006806101,0.06229402,-0.03936582,0.10165984
GM_1384,0.0002165588,0.0058435393,0.037248474,-0.03721487,0.074463345
GM_1385,6.698477e-06,0.0020981366,0.01588818,-0.03019667,0.04608485
GM_1386,-0.002884766,0.0058670356,0.05799677,-0.07674736,0.13474412
GM_1387,-0.0021902055,0.005091262,0.026707519,-0.056109704,0.08281723
GM_1388,0.0016329669,0.0058665206,0.084086835,-0.05332595,0.13741279
GM_1389,0.0037879262,0.012262188,0.09163563,-0.06854511,0.16018075
GM_1390,-0.009655771,0.009005885,0.026139472,-0.10370816,0.12984763
GM_1391,0.0006309918,0.0050131045,0.0395448,-0.042768523,0.08231332
GM_1392,0.0008075771,0.007056787,0.035986945,-0.04998454,0.08597149
GM_1393,0.0020554939,0.007778606,0.06289089,-0.07389965,0.13679054
GM_1394,-0.0026500404,0.0068867877,0.027859878,-0.04875997,0.07661985
GM_1395,0.0034535623,0.006520618,0.054697294,-0.035018988,0.089716285
GM_1396,-0.004513357,0.0058802576,0.01789991,-0.050765965,0.06866588
GM_1397,0.0041136364,0.005663312,0.074832216,-0.023963198,0.098795414
GM_1398,4.4373293e-05,0.0034989384,0.019361768,-0.029019777,0.048381545
GM_1399,-0.0009064894,0.0063766623,0.040860735,-0.052366238,0.09322697
GM_1400,-0.0012774399,0.0051427367,0.032838564,-0.03357799,0.066416554
GM_1401,-0.0020843244,0.007459331,0.08025049,-0.0676191,0.14786959
GM_1402,-0.0009172327,0.0055976664,0.038775507,-0.05152521,0.09030072
GM_1403,-0.001045545,0.005749547,0.034385562,-0.056859523,0.091245085
GM_1404,-2.9672927e-05,0.0075221066,0.048670605,-0.052592833,0.10126343
GM_1405,-0.0011688281,0.004954448,0.026621262,-0.044689175,0.07131044
GM_1406,0.0002079055,0.0048442995,0.042071383,-0.043244258,0.085315645
GM_1407,0.0022696464,0.007269564,0.04578322,-0.052803148,0.098586366
GM_1408,0.002653569,0.0048305313,0.038159512,-0.026955621,0.06511513
GM_1409,0.0053033237,0.011396755,0.059128404,-0.066997156,0.12612556
GM_1410,-0.00018603736,0.0060743564,0.05190007,-0.04245621,0.09435628
GM_1411,0.00036853697,0.003553831,0.039938774,-0.018580675,0.05851945
GM_1412,-0.00015265067,0.004834108,0.038934655,-0.04492924,0.0838639
GM_1413,-0.000105251194,0.0035323363,0.024899209,-0.01644223,0.04134144
GM_1414,0.00021958491,0.0036506755,0.03664014,-0.048398055,0.0850382
GM_1415,-0.0011093068,0.0048228297,0.03241212,-0.037006944,0.06941906
GM_1416,0.00076438696,0.003633213,0.026548998,-0.019374471,0.04592347
GM_1417,-0.0055717267,0.0098217465,0.087236874,-0.06702359,0.15426046
GM_1418,0.0025479868,0.0051570283,0.070853576,-0.02210481,0.09295839
GM_1419,-0.0006881911,0.0051189633,0.06607423,-0.041636102,0.10771033
GM_1420,0.0002637598,0.0075988425,0.068725266,-0.04110763,0.1098329
GM_1421,-0.000999113,0.0030952294,0.012800958,-0.027261598,0.040062554
GM_1422,-0.0014607849,0.002504995,0.0086279195,-0.03362159,0.04224951
GM_1423,0.0004089612,0.0023786605,0.017563062,-0.011916885,0.029479947
GM_1424,-0.001736765,0.019148644,0.101825744,-0.08671174,0.18853748
GM_1425,0.0015180336,0.0073364144,0.068206474,-0.045229983,0.11343646
GM_1426,-0.008459197,0.009943057,0.012367663,-0.11416201,0.12652968
GM_1427,-0.0015449286,0.005593286,0.05066216,-0.090267666,0.14092982
GM_1428,0.001877059,0.004858503,0.03555484,-0.028226448,0.06378129
GM_1429,-0.0010694122,0.011783873,0.051938593,-0.10747279,0.15941139
GM_1430,-0.0013500513,0.007177449,0.053035893,-0.053158157,0.10619405
GM_1431,0.0023464526,0.0032076165,0.040076327,-0.015281817,0.05535814
GM_1432,-0.001057674,0.0032422044,0.018663127,-0.062481083,0.08114421
GM_1433,-0.0029234947,0.005545636,0.069913805,-0.1111439,0.1810577
GM_1434,-0.0010659373,0.0049560843,0.027479254,-0.04829184,0.07577109
GM_1435,0.0010105274,0.0046181874,0.02745558,-0.03272687,0.06018245
GM_1436,0.0013961782,0.0038525653,0.06609179,-0.055510312,0.1216021
GM_1437,-0.0019277406,0.0063903164,0.039759,-0.053636413,0.09339541
GM_1438,-0.00042888292,0.00556767,0.030966535,-0.03713852,0.06810506
GM_1439,-0.0031119355,0.005220893,0.041811325,-0.05289678,0.0947081
GM_1440,-0.003585872,0.008471542,0.035394557,-0.075177565,0.11057212
GM_1441,0.0031691454,0.004998778,0.03255966,-0.033915132,0.066474795
GM_1442,-0.0012071326,0.005271735,0.044918902,-0.045512415,0.09043132
GM_1443,0.0013733106,0.004240814,0.048784144,-0.02830861,0.07709275
GM_1444,0.0021089541,0.009017168,0.0536826,-0.07511307,0.12879567
GM_1445,-0.0017768312,0.00871172,0.04333122,-0.10556973,0.14890096
GM_1446,-0.0012462082,0.004919883,0.026913105,-0.0558509,0.08276401
GM_1447,-0.0044355635,0.007444024,0.03014052,-0.061111096,0.09125161
GM_1448,-0.00436789,0.0154708605,0.07450007,-0.10108148,0.17558154
GM_1449,-0.0016509552,0.005148819,0.02977703,-0.056115206,0.08589224
GM_1450,0.0011861945,0.005824468,0.042422377,-0.0326568,0.07507917
GM_1451,-0.0034222917,0.003166848,0.008416583,-0.032522783,0.040939365
GM_1452,0.0012003541,0.0085756015,0.07669808,-0.04434149,0.12103957
GM_1453,0.0026381202,0.006097967,0.05517381,-0.043457262,0.09863107
GM_1454,-0.0025097693,0.0061945673,0.054067202,-0.07969635,0.13376355
GM_1455,0.028868599,0.037330575,0.26652387,-0.12471725,0.39124113
GM_1456,0.0031688032,0.005621566,0.055202574,-0.02403723,0.0792398
GM_1457,-0.0018934717,0.005186304,0.023930816,-0.042635944,0.06656676
GM_1458,9.188962e-05,0.0068912245,0.03609206,-0.06635028,0.10244234
GM_1459,0.00024318817,0.005273151,0.033030745,-0.036656972,0.06968772
GM_1460,0.000683019,0.0047978065,0.03383346,-0.027777271,0.06161073
GM_1461,-0.0004508421,0.0042732568,0.05423289,-0.02878374,0.083016634
GM_1462,0.0016739286,0.0033386606,0.02732401,-0.02274491,0.050068922
GM_1463,-0.00077530765,0.0066152434,0.0665679,-0.04413232,0.11070022
GM_1464,0.0013008656,0.0034345652,0.037285145,-0.027850322,0.065135464
GM_1465,-0.00022443537,0.0035152663,0.02572988,-0.026526202,0.05225608
GM_1466,2.484602e-05,0.009462692,0.05714573,-0.04580943,0.10295516
GM_1467,-0.0011644791,0.0043249456,0.027827041,-0.030640395,0.058467437
GM_1468,0.0007210388,0.003127869,0.03571493,-0.020299785,0.056014717
GM_1469,0.00040624195,0.0035734358,0.018490907,-0.01983441,0.038325317
GM_1470,0.00082251657,0.00379463,0.03452407,-0.029944563,0.06446863
GM_1471,-4.0646875e-05,0.0063205576,0.0440141,-0.046147216,0.090161316
GM_1472,-0.0004343678,0.0054017925,0.05271396,-0.03869372,0.09140768
GM_1473,0.0026402557,0.0041152406,0.03507047,-0.015849233,0.050919704
GM_1474,0.00018769286,0.0055830064,0.030795181,-0.047873735,0.078668915
GM_1475,0.0024984784,0.005283723,0.0397528,-0.05570443,0.095457226
GM_1476,0.008431893,0.008212032,0.087017655,-0.030849196,0.11786685
GM_1477,-0.0032286765,0.0046328134,0.027055036,-0.038073238,0.065128274
GM_1478,0.0034993826,0.0068733846,0.074423864,-0.0910709,0.16549477
GM_1479,-0.0019016291,0.00722689,0.032778274,-0.08035542,0.1131337
GM_1480,-0.001086977,0.005313166,0.044678707,-0.038682643,0.08336135
GM_1481,0.0030593148,0.0047845063,0.06106689,-0.026314218,0.08738111
GM_1482,0.0014663876,0.0024741183,0.022281628,-0.015756857,0.038038485
GM_1483,0.009851172,0.007861095,0.05958662,-0.00887195,0.06845857
GM_1484,-0.00026316545,0.0048912466,0.061396983,-0.032853734,0.094250716
GM_1485,0.0015013651,0.009109149,0.08849238,-0.05150447,0.13999686
GM_1486,0.00094656367,0.0056767515,0.04605153,-0.052293073,0.0983446
GM_1487,-0.000413074,0.004498104,0.038220827,-0.028363967,0.066584796
GM_1488,0.0002886042,0.005289105,0.031723935,-0.03191549,0.063639425
GM_1489,0.0040128944,0.009289165,0.065385446,-0.03467478,0.100060225
GM_1490,0.0033901697,0.007298935,0.057035208,-0.04999179,0.107026994
GM_1491,-0.0019788875,0.0033581762,0.021427365,-0.02635991,0.047787275
GM_1492,0.0015703689,0.0061620967,0.06561814,-0.03223029,0.09784843
GM_1493,-0.0028089185,0.006146911,0.025974238,-0.051896844,0.077871084
GM_1494,0.0040571433,0.010199628,0.09354274,-0.04416313,0.13770586
GM_1495,-0.00048530122,0.0056802654,0.05223131,-0.036794078,0.08902539
GM_1496,0.0006211603,0.006507971,0.049301974,-0.052933175,0.10223515
GM_1497,0.0021601198,0.005689169,0.04735084,-0.02188831,0.06923915
GM_1498,0.00049604825,0.004966556,0.02830818,-0.032457378,0.060765557
GM_1499,-0.0031507143,0.0055484977,0.036165256,-0.037722226,0.07388748
GM_1500,-0.004360872,0.009099072,0.041523717,-0.05450861,0.09603233
GM_1501,-0.0007146437,0.003978931,0.026342405,-0.029141402,0.055483807
GM_1502,0.0014645781,0.0044634407,0.057159446,-0.015050346,0.07220979
GM_1503,-0.0007517175,0.0023923393,0.024199093,-0.019718463,0.043917555
GM_1504,-0.012259093,0.014511909,0.025735196,-0.13309,0.1588252
GM_1505,0.0033101924,0.0075478666,0.07520274,-0.031519476,0.10672222
GM_1506,-0.00016171407,0.0039586085,0.04468973,-0.031710528,0.07640026
GM_1507,-0.0003349017,0.0026051018,0.02091565,-0.017135173,0.038050823
GM_1508,7.341645e-06,0.0074389894,0.09291116,-0.042102337,0.13501349
GM_1509,0.003525263,0.0065164166,0.07758339,-0.03228216,0.109865546
GM_1510,0.0013484461,0.0050686235,0.059464354,-0.06193225,0.1213966
GM_1511,-2.6549118e-05,0.003770609,0.026634758,-0.030134901,0.05676966
GM_1512,0.0005002776,0.002642816,0.01828139,-0.01605258,0.03433397
GM_1513,-0.0009643517,0.0059408424,0.04905648,-0.052193936,0.10125042
GM_1514,0.002054529,0.008413831,0.064385764,-0.052938107,0.117323875
GM_1515,0.0039992896,0.0067766206,0.064509,-0.0149978185,0.079506814
GM_1516,0.002128362,0.006835635,0.04445773,-0.041037165,0.08549489
GM_1517,-0.00020530133,0.0048071984,0.03672996,-0.025679536,0.062409498
GM_1518,-0.0021618346,0.0050181034,0.045026597,-0.065321565,0.110348165
GM_1519,-0.0006037458,0.004284819,0.026485775,-0.027527977,0.05401375
GM_1520,-0.0015995221,0.004392264,0.022661926,-0.042068403,0.06473033
GM_1521,0.000702924,0.0030889802,0.01709228,-0.025054175,0.042146455
GM_1522,0.002070199,0.0045879413,0.041676536,-0.03103972,0.07271626
GM_1523,0.006700678,0.015006875,0.09218346,-0.08102793,0.1732114
GM_1524,0.00018176762,0.006156357,0.032777537,-0.046849135,0.07962667
GM_1525,0.0029417535,0.0058953892,0.07163262,-0.02616654,0.09779917
GM_1526,-8.1566766e-05,0.00458797,0.059981406,-0.037355423,0.09733683
GM_1527,-0.0036103334,0.005018628,0.020276386,-0.060691454,0.08096784
GM_1528,-0.00159201,0.0035105527,0.02602775,-0.038802244,0.06482999
GM_1529,0.006414595,0.033479415,0.16976233,-0.16648757,0.3362499
GM_1530,0.0010953166,0.005046829,0.03661502,-0.04102691,0.077641934
GM_1531,-0.00095049234,0.0056873453,0.035655826,-0.034198463,0.06985429
GM_1532,-0.008495198,0.008313565,0.03633952,-0.08401211,0.120351635
GM_1533,-0.0018675878,0.0067303064,0.04038655,-0.049705956,0.09009251
GM_1534,0.0054361504,0.0042904792,0.030390836,-0.013351518,0.043742355
GM_1535,0.00019802354,0.005959182,0.050684143,-0.04140869,0.092092834
GM_1536,-0.0031563127,0.0077273403,0.036565177,-0.060127396,0.09669258
GM_1537,0.002006327,0.0033982184,0.03641043,-0.0095849335,0.045995362
GM_1538,0.0025838867,0.005758332,0.086297125,-0.02235676,0.10865389
GM_1539,0.00054093223,0.003196673,0.029742928,-0.013114547,0.042857476
GM_1540,0.0077997977,0.00851763,0.0791954,-0.02968632,0.10888173
GM_1541,0.0032279158,0.0032131614,0.049901225,-0.0210443,0.07094552
GM_1542,0.00121098,0.0057343487,0.039692454,-0.039428167,0.07912062
GM_1543,0.004751458,0.0066299466,0.0711502,-0.04663133,0.11778153
GM_1544,0.0010391165,0.0029055278,0.06486633,-0.007602728,0.072469056
GM_1545,0.0026163,0.0038477716,0.044586223,-0.013476095,0.05806232
GM_1546,0.00013141846,0.004282177,0.018947555,-0.036395393,0.05534295
GM_1547,5.7405727e-05,0.0049404455,0.03217963,-0.026097639,0.05827727
GM_1548,-0.0022849804,0.0061394665,0.028810047,-0.07906181,0.10787186
GM_1549,-0.002817699,0.0049362015,0.026298366,-0.041419197,0.06771757
GM_1550,0.0016175115,0.011148168,0.056446392,-0.08300926,0.13945565
GM_1551,0.004315937,0.009654523,0.08078862,-0.049106207,0.12989482
GM_1552,-0.0041954108,0.006960264,0.04107414,-0.05299918,0.094073325
GM_1553,-0.0013860725,0.0064246426,0.041094653,-0.05978715,0.1008818
GM_1554,-0.0025570658,0.008680726,0.047115836,-0.089995004,0.13711084
GM_1555,0.0010311233,0.0064177685,0.04402841,-0.029932221,0.07396063
GM_1556,-0.0014566119,0.0063620997,0.032875728,-0.051842574,0.0847183
GM_1557,-0.004200247,0.009798552,0.0296698,-0.07527909,0.104948886
GM_1558,-0.00036307806,0.00674429,0.044397414,-0.051152486,0.0955499
GM_1559,-0.0006468332,0.0013625536,0.005746108,-0.015163105,0.020909213
GM_1560,0.00031637202,0.0035224054,0.031971704,-0.023600578,0.055572283
GM_1561,-0.0015829994,0.00469618,0.025785463,-0.037346277,0.06313174
GM_1562,0.0029286528,0.009734426,0.052167103,-0.0411826,0.0933497
GM_1563,0.0006173402,0.0032147646,0.03366866,-0.016185036,0.049853697
GM_1564,0.0020434032,0.005751517,0.08616669,-0.0290982,0.115264885
GM_1565,3.7072587e-05,0.0032177821,0.030803017,-0.025114836,0.05591785
GM_1566,0.00036847216,0.0047824397,0.04837585,-0.042631947,0.0910078
GM_1567,-0.001773454,0.007082287,0.03898412,-0.054566387,0.0935505
GM_1568,-0.0023524011,0.004660548,0.01791065,-0.052688222,0.07059887
GM_1569,-0.00051020214,0.004055167,0.022749407,-0.035766236,0.058515646
GM_1570,0.0013161547,0.0064601535,0.058062144,-0.031386536,0.089448676
GM_1571,0.00085012784,0.005548145,0.046368033,-0.036011662,0.0823797
GM_1572,0.00023312087,0.005744112,0.049581748,-0.032580793,0.082162544
GM_1573,-0.0012177284,0.004285385,0.027535776,-0.06054258,0.08807836
GM_1574,-0.011799996,0.009786778,0.0177176,-0.093986765,0.111704364
GM_1575,-0.00038591065,0.0041683544,0.03615254,-0.02033433,0.05648687
GM_1576,-0.0024055117,0.007398631,0.03819302,-0.050057933,0.08825095
GM_1577,-0.0032364281,0.0060537644,0.052625325,-0.04424035,0.09686568
GM_1578,-0.00044287424,0.0014505788,0.012127615,-0.014668147,0.026795762
GM_1579,0.00048007304,0.0038098367,0.038054284,-0.025802795,0.06385708
GM_1580,-0.0051834877,0.007386528,0.021951348,-0.10456783,0.12651917
GM_1581,0.0004995463,0.0068144104,0.037022147,-0.047765683,0.08478783
GM_1582,0.0024806126,0.0043937685,0.036737047,-0.012417952,0.049154997
GM_1583,-0.004602591,0.010552206,0.059259865,-0.08384286,0.14310272
GM_1584,-0.002094527,0.009385345,0.053052135,-0.054303113,0.10735525
GM_1585,-0.0018510728,0.005236006,0.028560199,-0.043243606,0.07180381
GM_1586,0.013972903,0.013015232,0.12709399,-0.025833074,0.15292706
GM_1587,0.00394988,0.007844407,0.0761084,-0.0380973,0.1142057
GM_1588,0.008476724,0.0055836975,0.039957706,-0.010260211,0.05021792
GM_1589,-0.00034669603,0.006368193,0.065459326,-0.050450623,0.11590995
GM_1590,0.003137,0.0072393594,0.05608824,-0.045771003,0.10185924
GM_1591,-0.00024680496,0.006196397,0.037002087,-0.04145417,0.07845625
GM_1592,-0.0010370577,0.0084812045,0.05320822,-0.043229003,0.09643722
GM_1593,-0.0012135508,0.0052809264,0.023587404,-0.052829735,0.07641714
GM_1594,0.0034262522,0.00674042,0.07147814,-0.027613604,0.099091746
GM_1595,0.00043037976,0.00435051,0.030549606,-0.03387162,0.06442123
GM_1596,-0.00026950715,0.0043057804,0.0241126,-0.051480245,0.075592846
GM_1597,-0.00014207566,0.004636214,0.04441175,-0.02545995,0.0698717
GM_1598,0.0015456951,0.007389857,0.04356892,-0.034007404,0.077576324
GM_1599,-0.0006353221,0.004614703,0.028268589,-0.039493736,0.06776232
GM_1600,0.0026267024,0.006138658,0.05537777,-0.0408867,0.09626447
GM_1601,0.0021318141,0.004682397,0.056201667,-0.040389206,0.09659088
GM_1602,0.00034097023,0.003917815,0.039213173,-0.039374907,0.07858808
GM_1603,-0.000449305,0.0057754195,0.032673106,-0.036576986,0.06925009
GM_1604,0.00014687331,0.0061068977,0.03677439,-0.04532966,0.08210405
GM_1605,0.0013951302,0.0040373765,0.021172479,-0.020312628,0.04148511
GM_1606,-0.0016471524,0.0076348158,0.058535144,-0.07230475,0.13083988
GM_1607,-0.007181491,0.01815003,0.1266676,-0.14284302,0.26951063
GM_1608,-0.0014529229,0.0057429224,0.024053901,-0.063198976,0.08725288
GM_1609,0.0058844117,0.0076728193,0.08270462,-0.0310976,0.11380222
GM_1610,0.022113523,0.016350979,0.16097036,-0.023376163,0.18434653
GM_1611,-0.004761415,0.016677516,0.06901974,-0.09242465,0.1614444
GM_1612,-0.0016441146,0.004296974,0.018800352,-0.045060415,0.06386077
GM_1613,0.0026652284,0.005523946,0.03967856,-0.03165082,0.07132938
GM_1614,-0.0048599155,0.0077434755,0.029816154,-0.0965766,0.12639275
GM_1615,0.0005989448,0.0076455805,0.05499682,-0.040257838,0.09525466
GM_1616,0.0014860713,0.0025965218,0.027373046,-0.009314991,0.036688037
GM_1617,-0.004818304,0.0074299523,0.02965104,-0.07755464,0.10720568
GM_1618,2.3145303e-05,0.003768036,0.0426027,-0.030788217,0.073390916
GM_1619,-0.0012637605,0.007232146,0.052506026,-0.044628542,0.09713457
GM_1620,8.193214e-05,0.0074644852,0.06147965,-0.067994356,0.12947401
GM_1621,0.003389016,0.0072911,0.10290103,-0.03309969,0.13600072
GM_1622,0.0010656589,0.005543348,0.05219048,-0.028507372,0.08069785
GM_1623,0.0041280426,0.008850927,0.09035973,-0.03804032,0.12840006
GM_1624,0.0031111601,0.0045607886,0.04618839,-0.019917449,0.06610584
GM_1625,0.00024596273,0.0044247815,0.028068045,-0.043284178,0.07135222
GM_1626,0.00075208023,0.0009821197,0.01160536,-0.005848351,0.017453711
GM_1627,-4.1682993e-06,0.007073938,0.051469762,-0.064968005,0.11643776
GM_1628,0.0031971156,0.007407165,0.061449513,-0.04109293,0.102542445
GM_1629,-0.00031508194,0.0029161782,0.014973035,-0.015533469,0.030506503
GM_1630,-0.0005846492,0.0039487565,0.032688014,-0.025983332,0.058671348
GM_1631,-0.00045941683,0.0051698335,0.03844205,-0.027824998,0.06626704
GM_1632,0.0014812329,0.009200218,0.079569764,-0.057302337,0.1368721
GM_1633,-0.00030311002,0.006468265,0.054304678,-0.08550312,0.1398078
GM_1634,-0.0025336165,0.012908294,0.05467339,-0.09832932,0.15300271
GM_1635,0.000120078104,0.0050172573,0.03706896,-0.03060313,0.06767209
GM_1636,-0.0025660633,0.0060716304,0.048731565,-0.04062722,0.089358784
GM_1637,-0.0016807471,0.0046161707,0.03433202,-0.046690807,0.08102283
GM_1638,0.0031997876,0.0060290513,0.06876997,-0.0470418,0.115811765
GM_1639,0.0008384189,0.0025026947,0.013084871,-0.01784345,0.030928321
GM_1640,0.0022779794,0.006299466,0.04070927,-0.034890756,0.07560003
GM_1641,0.0017189346,0.0051422874,0.03271054,-0.02328949,0.05600003
GM_1642,-0.0014075263,0.00759966,0.03823145,-0.062626414,0.10085787
GM_1643,0.00023190383,0.002490238,0.0266357,-0.014409881,0.041045584
GM_1644,0.0022716313,0.0047766557,0.042322055,-0.03570347,0.07802552
GM_1645,-0.0024953582,0.0036474383,0.012947188,-0.04338222,0.056329407
GM_1646,0.00063280616,0.005849914,0.03644384,-0.028026538,0.06447038
GM_1647,-5.5408847e-05,0.006845432,0.04131335,-0.054956526,0.096269876
GM_1648,0.0012083626,0.006993451,0.056454256,-0.042222783,0.09867704
GM_1649,0.0005225097,0.0068605416,0.031892937,-0.039685998,0.071578935
GM_1650,-0.0006909201,0.003605653,0.021369018,-0.021501122,0.04287014
GM_1651,0.0026783068,0.003054072,0.028852105,-0.009755829,0.038607933
GM_1652,0.0011484914,0.006924059,0.04458763,-0.08128053,0.12586816
GM_1653,-0.0010400048,0.0038098388,0.017195748,-0.03139174,0.048587486
GM_1654,-0.00028075092,0.0040153353,0.035967737,-0.08140781,0.117375545
GM_1655,0.0001145522,0.006086641,0.035248157,-0.039527476,0.074775636
GM_1656,-0.0012313378,0.006526114,0.03737895,-0.040497538,0.077876486
GM_1657,-2.4647659e-06,0.0044586104,0.038277302,-0.037777916,0.076055214
GM_1658,0.00088697294,0.0055155167,0.056347735,-0.040328592,0.09667633
GM_1659,-0.002661172,0.00835246,0.046286803,-0.07264626,0.11893307
GM_1660,-0.0043124733,0.00538265,0.018546402,-0.053119313,0.07166572
GM_1661,-0.0021057369,0.007410576,0.03496571,-0.07114252,0.106108226
GM_1662,-0.0024321906,0.006234246,0.039208476,-0.04676768,0.08597615
GM_1663,-0.0005007646,0.002852174,0.019457696,-0.027253492,0.046711188
GM_1664,0.0022375823,0.007484652,0.0572761,-0.039177366,0.096453466
GM_1665,0.0011787814,0.004157971,0.028263805,-0.037294056,0.06555786
GM_1666,0.002645898,0.0055844313,0.043135274,-0.026346123,0.069481395
GM_1667,-0.00027107826,0.00400694,0.05286504,-0.055218518,0.10808356
GM_1668,-0.0028184564,0.0071327975,0.031847805,-0.05831919,0.09016699
GM_1669,0.00081823935,0.0058965413,0.04743098,-0.081523165,0.12895414
GM_1670,-0.0027475944,0.0067907106,0.031115327,-0.07245886,0.10357419
GM_1671,-0.004321892,0.0055728625,0.064254105,-0.03739694,0.10165104
GM_1672,0.009853998,0.0067085098,0.055536777,-0.03371016,0.089246936
GM_1673,0.0023491331,0.004579349,0.026088256,-0.031839058,0.057927314
GM_1674,-0.00027683683,0.0031762498,0.01631637,-0.06373094,0.08004731
GM_1675,-0.00027406932,0.006340194,0.030982073,-0.055157628,0.0861397
GM_1676,-0.0010740878,0.0063746097,0.032716513,-0.047323808,0.08004032
GM_1677,0.0011967961,0.004657577,0.03206005,-0.023859471,0.05591952
GM_1678,-0.00056887185,0.004992449,0.035950214,-0.043642648,0.07959286
GM_1679,0.0031853428,0.0044351113,0.044220056,-0.01492918,0.059149235
GM_1680,0.0028011058,0.002970366,0.019515485,-0.011200442,0.030715927
GM_1681,0.000123767,0.0075517255,0.03632438,-0.055143364,0.091467746
GM_1682,-0.0007432694,0.005140878,0.027270999,-0.04504877,0.07231977
GM_1683,0.00078223174,0.0070638326,0.037638985,-0.041195016,0.078834
GM_1684,-0.0010679273,0.006004478,0.04390602,-0.04258948,0.0864955
GM_1685,-0.0007258046,0.004707649,0.04716402,-0.045056563,0.09222058
GM_1686,0.00020082953,0.0047494187,0.028541934,-0.029355228,0.05789716
GM_1687,-0.0032233917,0.008898018,0.032809008,-0.08895381,0.12176281
GM_1688,-0.0003421642,0.0059388718,0.03614999,-0.044640817,0.0807908
GM_1689,0.0022272717,0.006530096,0.039913796,-0.043027744,0.08294154
GM_1690,0.008328468,0.008866498,0.09604318,-0.02259048,0.11863366
GM_1691,0.0017995035,0.0098044835,0.04933809,-0.0761481,0.1254862
GM_1692,-0.00062452385,0.0035852897,0.017261816,-0.0665139,0.08377572
GM_1693,0.0059562223,0.0053748987,0.045769982,-0.012841404,0.058611386
GM_1694,-0.0006764996,0.005773974,0.029415026,-0.03661905,0.06603408
GM_1695,-0.00029162614,0.001371772,0.007909862,-0.021180071,0.029089933
GM_1696,-0.00023152573,0.0041579423,0.033983193,-0.033121962,0.06710516
GM_1697,0.0016902357,0.0066837557,0.0757847,-0.04020325,0.11598795
GM_1698,0.0016800676,0.006246171,0.063955516,-0.0356948,0.099650316
GM_1699,-0.0003125607,0.00396378,0.033422418,-0.040032834,0.07345525
GM_1700,-0.016676495,0.012695139,0.024003563,-0.105253875,0.12925744
GM_1701,0.0025713125,0.007801906,0.07148696,-0.018406859,0.08989382
GM_1702,0.00224575,0.006301117,0.043166846,-0.030832395,0.07399924
GM_1703,-0.0016391098,0.0052722394,0.039428193,-0.0376946,0.07712279
GM_1704,-0.0003465952,0.0038371186,0.033915363,-0.026826989,0.060742352
GM_1705,-0.0014392362,0.0059149894,0.02972888,-0.038602456,0.06833134
GM_1706,0.0009303121,0.0028118198,0.026944429,-0.013789336,0.040733766
GM_1707,0.0030574289,0.005548222,0.052920945,-0.038114995,0.09103594
GM_1708,-0.0009248165,0.0023707827,0.023056353,-0.019389503,0.042445853
GM_1709,-0.0027998774,0.0059323856,0.044072744,-0.04871682,0.09278956
GM_1710,0.0011934016,0.004651978,0.043245144,-0.037187174,0.08043232
GM_1711,-0.00063592877,0.00743454,0.041595038,-0.05266148,0.09425652
GM_1712,-0.0012437784,0.0058676703,0.042181175,-0.036082216,0.07826339
GM_1713,-0.0011243386,0.005040925,0.04012043,-0.083322264,0.123442695
GM_1714,-0.002301449,0.0030986469,0.013879915,-0.031318307,0.04519822
GM_1715,0.0035207178,0.003699973,0.04152582,-0.020088479,0.061614297
GM_1716,-0.00014790069,0.00425119,0.029996699,-0.027518833,0.05751553
GM_1717,0.002372284,0.018303575,0.15453663,-0.105342165,0.2598788
GM_1718,0.0014289533,0.0063561983,0.07292733,-0.040027894,0.11295523
GM_1719,0.0018696341,0.005606074,0.046088554,-0.03145227,0.07754082
GM_1720,-0.0010488766,0.005110032,0.023291253,-0.038938973,0.062230226
GM_1721,-0.0030932035,0.008403501,0.047436144,-0.06913299,0.11656913
GM_1722,-0.00041462303,0.004996538,0.031017317,-0.04195137,0.072968684
GM_1723,-0.0019855208,0.0042167916,0.03947202,-0.033899564,0.07337159
GM_1724,0.0013455115,0.009349764,0.053010017,-0.09259082,0.14560083
GM_1725,-0.00093880814,0.0023195362,0.011924975,-0.017178666,0.02910364
GM_1726,-0.0003578627,0.0065480326,0.055377156,-0.064190745,0.1195679
GM_1727,0.0003691479,0.003492876,0.02388188,-0.053763032,0.077644914
GM_1728,0.0034928778,0.005297434,0.053149175,-0.021912936,0.07506211
GM_1729,-0.00010156017,0.0055570747,0.029234737,-0.03086013,0.060094867
GM_1730,0.0015122598,0.003561061,0.039497003,-0.015855279,0.05535228
GM_1731,0.0011652446,0.007847572,0.05429988,-0.042329602,0.096629485
GM_1732,0.008563219,0.00780176,0.06076276,-0.03720312,0.09796588
GM_1733,0.0007554704,0.006874092,0.042053618,-0.045267697,0.08732131
GM_1734,-0.0025976135,0.008078596,0.05201417,-0.06350851,0.11552268
GM_1735,-0.0007492916,0.0058729677,0.031898208,-0.03596607,0.06786428
GM_1736,-0.00081473164,0.00611349,0.042200785,-0.03945511,0.08165589
GM_1737,-0.00013560287,0.0054935054,0.032414597,-0.05722175,0.08963635
GM_1738,-0.0010652845,0.00411195,0.024616651,-0.025741752,0.050358403
GM_1739,0.0014375979,0.0016928888,0.013508037,-0.015754322,0.029262358
GM_1740,0.0010980942,0.004674867,0.03919123,-0.038244035,0.07743527
GM_1741,0.00020080099,0.0029993472,0.04896269,-0.049541846,0.098504536
GM_1742,0.00056016847,0.0023125787,0.033533175,-0.01621461,0.049747784
GM_1743,0.0028447055,0.0037759196,0.048200253,-0.02722652,0.07542677
GM_1744,-0.0003139095,0.0039063315,0.025322085,-0.029889025,0.055211112
GM_1745,0.0013501691,0.0033388133,0.024539283,-0.022725156,0.047264438
GM_1746,0.001477725,0.0041467273,0.075188085,-0.020352595,0.09554068
GM_1747,0.0036868448,0.0089936955,0.0568094,-0.031814046,0.08862345
GM_1748,0.0013984784,0.002986846,0.028801642,-0.047590476,0.076392114
GM_1749,2.2203893e-05,0.005319199,0.03590133,-0.03174282,0.06764415
GM_1750,-0.001777076,0.0066228467,0.03268882,-0.0663401,0.099028915
GM_1751,0.007836878,0.019804161,0.10324467,-0.11090795,0.21415262
GM_1752,0.001828411,0.0059133684,0.05293954,-0.028868929,0.08180847
GM_1753,-0.0014220482,0.006260204,0.052286193,-0.054939456,0.10722565
GM_1754,-0.00083538797,0.0059048273,0.037594736,-0.041634,0.07922874
GM_1755,-0.0019606932,0.008707694,0.04798845,-0.06149728,0.10948573
GM_1756,-0.01229008,0.007974417,0.025885815,-0.066635065,0.09252088
GM_1757,0.0013306818,0.008889801,0.04707014,-0.056288682,0.10335882
GM_1758,0.0017751697,0.010101295,0.07579089,-0.067039296,0.1428302
GM_1759,-0.0010375922,0.0049434826,0.029929433,-0.06739056,0.09731999
GM_1760,0.0068178168,0.005781883,0.061875556,-0.04044749,0.10232304
GM_1761,-0.0022005974,0.005310077,0.026353722,-0.055240553,0.08159427
GM_1762,-0.0032482743,0.008050885,0.07204706,-0.08351692,0.15556398
GM_1763,0.009420794,0.011599857,0.0761841,-0.035067152,0.11125125
GM_1764,0.0007679257,0.007833778,0.0514127,-0.046543613,0.097956315
GM_1765,0.0008020573,0.008158276,0.055455197,-0.0890639,0.14451909
GM_1766,9.94559e-05,0.007955627,0.06992893,-0.08690521,0.15683414
GM_1767,0.004652693,0.010794232,0.06281305,-0.09024561,0.15305866
GM_1768,0.0059549273,0.008610847,0.06579845,-0.029703088,0.095501535
GM_1769,9.488657e-05,0.0025600616,0.014483992,-0.036542386,0.051026378
GM_1770,0.0011413859,0.0052666157,0.05095154,-0.03287611,0.08382765
GM_1771,0.0025446848,0.0057876958,0.058687046,-0.030642806,0.08932985
GM_1772,0.004249757,0.0037106774,0.03762063,-0.013911807,0.051532436
GM_1773,-0.04436955,0.019268371,0.0035606981,-0.13444829,0.13800898
GM_1774,0.0023932836,0.0045752884,0.037961815,-0.033204723,0.07116654
GM_1775,-0.0006606236,0.001332737,0.01349324,-0.015293515,0.028786756
GM_1776,0.00015617629,0.002412621,0.04506866,-0.013278572,0.058347233
GM_1777,1.4321971e-05,0.0057633147,0.040500645,-0.034021612,0.07452226
GM_1778,0.00013698322,0.0045841783,0.040172018,-0.06785336,0.10802538
GM_1779,-0.0007851181,0.0044981474,0.031179648,-0.038152754,0.069332406
GM_1780,0.00077396596,0.008811812,0.055786792,-0.054373547,0.110160336
GM_1781,0.001421281,0.0063360897,0.03313074,-0.03514691,0.06827765
GM_1782,0.002823518,0.00500649,0.053123396,-0.026786229,0.07990962
GM_1783,-0.00018995616,0.005478116,0.036119867,-0.036555603,0.07267547
GM_1784,0.00030063573,0.0054067373,0.040381197,-0.03528881,0.075670004
GM_1785,0.0017880196,0.005985949,0.034658287,-0.084074356,0.118732646
GM_1786,7.91128e-05,0.007928833,0.064080164,-0.05693694,0.1210171
GM_1787,-0.0047658146,0.009296444,0.0659776,-0.060631257,0.12660886
GM_1788,0.0010259497,0.0043385164,0.035147384,-0.030238703,0.06538609
GM_1789,-0.0018681441,0.0064761937,0.04353293,-0.04921563,0.09274856
GM_1790,-0.0010840724,0.010240089,0.07379514,-0.06689624,0.14069137
GM_1791,-0.0011323671,0.0027296129,0.027571224,-0.028553583,0.056124806
GM_1792,-0.0008072319,0.009005967,0.032929573,-0.076068535,0.108998105
GM_1793,0.0019060442,0.002164508,0.03301944,-0.015063901,0.04808334
GM_1794,-0.0018482873,0.004513568,0.034749426,-0.07814854,0.11289796
GM_1795,0.00077924493,0.005395678,0.096661575,-0.027874064,0.124535635
GM_1796,0.001503288,0.007417819,0.060891606,-0.042153176,0.10304478
GM_1797,-0.04419537,0.022145987,0.021981096,-0.14951839,0.17149948
GM_1798,8.7185654e-05,0.0041986825,0.03928205,-0.03183849,0.071120545
GM_1799,0.008213054,0.0069227666,0.07550435,-0.05136074,0.12686509
GM_1800,-0.004062879,0.0038765788,0.020303395,-0.034695417,0.05499881
GM_1801,0.0009210099,0.010077383,0.08919319,-0.054124642,0.14331783
GM_1802,-0.0005515857,0.0023056222,0.016359428,-0.022676677,0.039036103
GM_1803,-0.0016857107,0.007454616,0.051375844,-0.04696002,0.09833586
GM_1804,0.0017770334,0.003660039,0.026145952,-0.01614182,0.042287774
GM_1805,0.0009722686,0.006516044,0.06303158,-0.047526646,0.11055823
GM_1806,3.0169676e-07,0.0033127654,0.0223439,-0.057689935,0.08003384
GM_1807,-5.2541927e-05,0.0035276387,0.026957864,-0.033831336,0.060789198
GM_1808,-0.001775442,0.0056381915,0.0374743,-0.036087047,0.07356135
GM_1809,-0.001766823,0.0019140946,0.011441053,-0.023722079,0.03516313
GM_1810,0.0015337139,0.00355271,0.025224945,-0.026660908,0.05188585
GM_1811,0.0011089806,0.0067174197,0.050453488,-0.05023101,0.100684494
GM_1812,-0.0010960083,0.0034323095,0.032961655,-0.027003132,0.059964787
GM_1813,-0.00041306883,0.0063279322,0.036675807,-0.05395547,0.09063128
GM_1814,0.0022749822,0.011636968,0.085103646,-0.047112353,0.132216
GM_1815,0.00045980973,0.004165282,0.03397965,-0.022365062,0.05634471
GM_1816,0.0016268065,0.0018950755,0.02021119,-0.008642655,0.028853845
GM_1817,-0.00088009576,0.0042835944,0.025264487,-0.05469783,0.07996231
GM_1818,-0.00056170364,0.0037576975,0.032073177,-0.03916983,0.071243
GM_1819,-0.0005428553,0.004277925,0.02056029,-0.0341854,0.05474569
GM_1820,-0.0018173489,0.0063851895,0.04486456,-0.047093384,0.09195794
GM_1821,-0.0007508685,0.0038595994,0.022942338,-0.03485202,0.05779436
GM_1822,0.001314318,0.0059103584,0.05218823,-0.036126774,0.088315
GM_1823,0.0015259396,0.0037377814,0.02941798,-0.027634755,0.057052735
GM_1824,-0.0010791105,0.004739329,0.031118114,-0.0389098,0.07002792
GM_1825,0.000116604315,0.0058865556,0.037775964,-0.06140794,0.0991839
GM_1826,0.0012485047,0.0027763655,0.019244308,-0.015741773,0.03498608
GM_1827,-0.00077967223,0.00849325,0.074938565,-0.051834278,0.12677285
GM_1828,-0.0077103996,0.01908249,0.14712739,-0.10370166,0.25082904
GM_1829,-6.2096704e-05,0.0063195177,0.043109365,-0.037776243,0.080885604
GM_1830,0.001619604,0.004841911,0.038727205,-0.020413943,0.059141148
GM_1831,0.0004266426,0.005226152,0.04254811,-0.034333766,0.07688187
GM_1832,0.00030716014,0.002887522,0.026121875,-0.034863297,0.06098517
GM_1833,-0.00064994034,0.004618262,0.024552781,-0.037108663,0.061661445
GM_1834,0.0010602383,0.005298988,0.048630107,-0.040778782,0.08940889
GM_1835,-0.001932198,0.007567188,0.05929884,-0.051387526,0.11068636
GM_1836,-0.0056475103,0.009888224,0.037849627,-0.12197006,0.15981969
GM_1837,0.00013741892,0.0037554812,0.057407573,-0.024238572,0.081646144
GM_1838,-0.0022959982,0.0069776075,0.02845715,-0.054822344,0.08327949
GM_1839,0.00679602,0.005756469,0.059317693,-0.015311995,0.07462969
GM_1840,-0.010253441,0.009433816,0.02155263,-0.1136697,0.13522233
GM_1841,-0.0010774506,0.006945226,0.029738583,-0.061289787,0.09102837
GM_1842,0.0040037544,0.0095842965,0.0797627,-0.057750117,0.13751282
GM_1843,0.002418135,0.005499413,0.06637984,-0.022184882,0.088564724
GM_1844,0.001461584,0.00795244,0.049619947,-0.085540414,0.13516036
GM_1845,0.001130697,0.01190328,0.06544102,-0.072204374,0.1376454
GM_1846,-0.006238375,0.007746943,0.031091457,-0.06900217,0.100093625
GM_1847,0.0006712689,0.0025305604,0.027742716,-0.02154052,0.049283236
GM_1848,0.000402249,0.00540828,0.031865332,-0.042453717,0.07431905
GM_1849,0.0042823544,0.0057142703,0.039049845,-0.032219425,0.071269274
GM_1850,-0.0043108193,0.0033928342,0.007270718,-0.024114963,0.031385683
GM_1851,-0.0051952065,0.005337247,0.020559099,-0.074602604,0.095161706
GM_1852,-0.00017643839,0.005628529,0.045661498,-0.039837647,0.085499145
GM_1853,0.0025754625,0.010197334,0.07126621,-0.044361047,0.11562726
GM_1854,0.00052027917,0.0031898047,0.023227822,-0.029232612,0.052460432
GM_1855,-0.003668436,0.00492334,0.022380035,-0.034745604,0.05712564
GM_1856,-0.00052730757,0.008174251,0.05432687,-0.067392066,0.121718936
GM_1857,0.0018855515,0.008659465,0.06453466,-0.07154673,0.1360814
GM_1858,0.0007482922,0.0015706249,0.0132434275,-0.018441202,0.03168463
GM_1859,-0.0027563456,0.0047537074,0.020351332,-0.043149464,0.06350079
GM_1860,-0.0016995345,0.006771416,0.037255093,-0.06545385,0.10270894
GM_1861,0.0045825806,0.009105101,0.13879155,-0.01425628,0.15304783
GM_1862,0.0010128929,0.007171954,0.048252437,-0.03334748,0.08159992
GM_1863,0.0076035396,0.010607707,0.063668855,-0.076773874,0.14044273
GM_1864,-0.0015633965,0.009121929,0.047292396,-0.055486705,0.102779105
GM_1865,-0.0026811908,0.004148609,0.017618049,-0.05240741,0.07002546
GM_1866,0.00024507704,0.00828806,0.053138003,-0.04948086,0.10261886
GM_1867,0.00023573053,0.0067555234,0.044584967,-0.04957102,0.09415598
GM_1868,0.00042458266,0.004711807,0.02560139,-0.027385984,0.052987374
GM_1869,-0.0018351149,0.0064940937,0.051295653,-0.037311085,0.08860674
GM_1870,0.00069426047,0.002246492,0.029138826,-0.008034278,0.037173104
GM_1871,-0.00017308493,0.00563696,0.02829578,-0.041031916,0.0693277
GM_1872,0.00022419509,0.0058886465,0.05193387,-0.032135446,0.08406931
GM_1873,0.004070432,0.0046805046,0.035582002,-0.022273244,0.05785525
GM_1874,0.0024461201,0.0059446734,0.048134588,-0.027947895,0.07608248
GM_1875,-0.00036793834,0.0026858444,0.021844205,-0.023978442,0.045822646
GM_1876,0.000114500326,0.0016769398,0.039880082,-0.008387684,0.048267767
GM_1877,0.004989988,0.0058596195,0.06293879,-0.026605422,0.08954421
GM_1878,0.0026443403,0.00444264,0.03635852,-0.020497216,0.05685574
GM_1879,0.0012385063,0.00863943,0.071582764,-0.05911865,0.13070142
GM_1880,-0.0017675667,0.007373707,0.0473479,-0.10469493,0.15204284
GM_1881,0.0009602048,0.0036410824,0.02411901,-0.025749175,0.049868185
GM_1882,0.0014627412,0.0030080886,0.023412267,-0.018925825,0.042338092
GM_1883,-0.0012349116,0.004663561,0.028962111,-0.04184745,0.07080956
GM_1884,0.0023486875,0.005601703,0.075693585,-0.026550386,0.102243975
GM_1885,0.001205571,0.00596223,0.04256481,-0.039255667,0.08182047
GM_1886,-0.00026243733,0.0036798872,0.022399774,-0.02282499,0.045224763
GM_1887,0.002126455,0.004329084,0.05100467,-0.016621344,0.067626014
GM_1888,-0.0008189349,0.007751409,0.048715897,-0.055353686,0.10406958
GM_1889,-0.00052461453,0.0060934094,0.029548641,-0.04080712,0.07035576
GM_1890,0.00029034843,0.0034137089,0.043370742,-0.01969668,0.06306742
GM_1891,0.0023343149,0.0059718173,0.05213876,-0.049502436,0.10164119
GM_1892,-0.0014978207,0.004986439,0.030400166,-0.06818259,0.09858275
GM_1893,0.00019994279,0.0040040864,0.030052131,-0.024170928,0.05422306
GM_1894,0.0021415236,0.0048584086,0.046916466,-0.020349883,0.067266345
GM_1895,-0.0028866543,0.012161082,0.06586729,-0.0712333,0.13710059
GM_1896,-0.0021235084,0.007313515,0.03836596,-0.12679903,0.16516499
GM_1897,0.0006963041,0.006296807,0.04919649,-0.036156215,0.085352704
GM_1898,-0.0017583928,0.005321745,0.029212503,-0.04486341,0.074075915
GM_1899,-0.0008062677,0.004262144,0.032793276,-0.034594953,0.06738823
GM_1900,-0.0012562652,0.0041685463,0.04064306,-0.042150512,0.08279357
GM_1901,-0.00091515353,0.003317251,0.026297715,-0.019914785,0.0462125
GM_1902,-0.0027727908,0.0065375813,0.041031756,-0.03846525,0.07949701
GM_1903,-0.0025860695,0.005170896,0.027030865,-0.060065318,0.087096184
GM_1904,-0.0012190538,0.008895014,0.045017768,-0.04505926,0.09007703
GM_1905,-0.0010119946,0.0058986153,0.048076652,-0.040697515,0.08877417
GM_1906,-0.0026399896,0.004430447,0.021643536,-0.06655336,0.088196896
GM_1907,0.0073422175,0.005833928,0.042274497,-0.030361172,0.072635666
GM_1908,0.0018507586,0.009038375,0.077261746,-0.040134396,0.117396146
GM_1909,0.0004489665,0.003281523,0.016630098,-0.015278084,0.031908184
GM_1910,-0.0015506091,0.0033928575,0.014561607,-0.019112526,0.033674132
GM_1911,0.0016334354,0.003358713,0.026573868,-0.022018477,0.048592344
GM_1912,0.0016852545,0.006461774,0.041542534,-0.058582217,0.10012475
GM_1913,-0.0009646351,0.001190666,0.0049955617,-0.011108257,0.016103819
GM_1914,0.002187188,0.0057461015,0.046204656,-0.038077496,0.08428215
GM_1915,-0.00057859306,0.0071536996,0.03756472,-0.06970725,0.10727197
GM_1916,0.00080391567,0.005670758,0.039404064,-0.042172197,0.08157626
GM_1917,-0.002110085,0.0054562627,0.030539567,-0.043795273,0.07433484
GM_1918,0.0026557453,0.0052026794,0.05964494,-0.032299265,0.0919442
GM_1919,0.001647895,0.004522744,0.038285475,-0.016475897,0.054761373
GM_1920,-0.0004634677,0.0048795342,0.026416222,-0.029061185,0.055477407
GM_1921,0.0020436365,0.0033935762,0.031448923,-0.01585217,0.04730109
GM_1922,-0.0006945028,0.0029022754,0.02705635,-0.018266063,0.04532241
GM_1923,-0.0009381844,0.0045313886,0.02649992,-0.029162157,0.055662077
GM_1924,-0.0021546055,0.0034247807,0.05155585,-0.034328315,0.08588417
GM_1925,0.0006334265,0.0025706117,0.016865348,-0.014740974,0.031606324
GM_1926,-6.315744e-05,0.007473191,0.062361863,-0.060047254,0.12240912
GM_1927,0.01035457,0.006538736,0.07117953,-0.0113731045,0.082552634
GM_1928,-0.0032509065,0.004939592,0.023144796,-0.06552428,0.08866908
GM_1929,0.0006872665,0.0086192405,0.071792796,-0.06009399,0.13188678
GM_1930,-0.00035834106,0.0029040314,0.020108692,-0.026594305,0.046702996
GM_1931,-0.0026099363,0.005453898,0.02574076,-0.04525095,0.07099171
GM_1932,0.00051412196,0.007554841,0.043909967,-0.071328446,0.11523841
GM_1933,0.0013448237,0.0053090528,0.03938385,-0.03069126,0.07007511
GM_1934,-0.002445631,0.006490415,0.039827634,-0.050629675,0.090457305
GM_1935,-0.0021962717,0.0047483654,0.02023398,-0.054020002,0.074253984
GM_1936,0.0002069672,0.007608032,0.06260577,-0.06603913,0.1286449
GM_1937,0.00079091813,0.0035402705,0.047465015,-0.01694556,0.064410575
GM_1938,0.0020891274,0.008630751,0.08387625,-0.07406498,0.15794122
GM_1939,-0.0015247504,0.0065016793,0.022013064,-0.05874996,0.08076303
GM_1940,0.0012235371,0.004082488,0.069908574,-0.024325795,0.09423437
GM_1941,0.0039723334,0.0058487165,0.055052456,-0.03370375,0.0887562
GM_1942,-0.0006426842,0.004528021,0.043622147,-0.040556893,0.084179044
GM_1943,0.00044963325,0.004491972,0.05422833,-0.029867489,0.08409582
GM_1944,0.004777481,0.008107029,0.0864411,-0.023644725,0.11008582
GM_1945,-0.00031352884,0.006148311,0.047037244,-0.040886015,0.08792326
GM_1946,-3.161564e-05,0.0041419575,0.024911385,-0.022170397,0.047081783
GM_1947,0.0009891868,0.002417028,0.021606157,-0.014807777,0.036413934
GM_1948,0.0016423176,0.004547058,0.04532835,-0.0490921,0.09442045
GM_1949,0.0010969283,0.008390707,0.060395706,-0.045651414,0.10604712
GM_1950,-0.0011703525,0.008242115,0.083004676,-0.044349458,0.12735413
GM_1951,-0.008569334,0.007221357,0.016807888,-0.06522352,0.082031414
GM_1952,-0.001025889,0.005931171,0.035174347,-0.055443007,0.09061736
GM_1953,0.0043503335,0.0061369534,0.06254088,-0.0283317,0.090872586
GM_1954,0.0018123138,0.004145865,0.060161203,-0.028815323,0.088976525
GM_1955,-0.002527307,0.0048156898,0.031257022,-0.056082938,0.08733996
GM_1956,0.0045410967,0.0060484135,0.075676024,-0.02659394,0.10226996
GM_1957,0.0033196742,0.0063133845,0.04236548,-0.053718466,0.09608395
GM_1958,0.0051646917,0.008123903,0.05083549,-0.030116618,0.08095211
GM_1959,0.00307112,0.004704717,0.044395294,-0.017623985,0.06201928
GM_1960,0.0002206837,0.0044271597,0.027837694,-0.02751623,0.055353925
GM_1961,-0.005124111,0.0049880473,0.016091488,-0.060822397,0.076913886
GM_1962,-0.0015521896,0.006176002,0.04807594,-0.046286117,0.09436206
GM_1963,0.0025848567,0.006717241,0.062977254,-0.0376505,0.10062775
GM_1964,-0.000175712,0.0044111805,0.022558047,-0.026447212,0.04900526
GM_1965,-0.00020373393,0.004481134,0.024812013,-0.050917212,0.07572922
GM_1966,0.0015624283,0.003918925,0.032352578,-0.018150518,0.050503097
GM_1967,0.0072178706,0.0055789864,0.07094145,-0.017013958,0.08795541
GM_1968,0.0034385342,0.003252059,0.024929268,-0.031935263,0.05686453
GM_1969,-0.0022168974,0.003189485,0.017354716,-0.024747321,0.04210204
GM_1970,-0.0017293103,0.005858823,0.034345813,-0.057614297,0.09196011
GM_1971,-0.0002659383,0.0054245894,0.04393855,-0.04408388,0.088022426
GM_1972,2.8268327e-05,0.005541979,0.028189009,-0.06816524,0.09635425
GM_1973,0.0016368985,0.0049808617,0.0896075,-0.041910894,0.1315184
GM_1974,0.00011363576,0.007881347,0.0482706,-0.04477036,0.09304096
GM_1975,-0.004481369,0.010487436,0.046437927,-0.10814579,0.15458372
GM_1976,0.0024351857,0.007921178,0.06641993,-0.037820626,0.10424055
GM_1977,-0.0052823243,0.00653094,0.01462134,-0.059613615,0.074234955
GM_1978,-0.0027076881,0.0069722375,0.0253805,-0.06624748,0.09162798
GM_1979,0.0005532354,0.0036376186,0.037968576,-0.028129857,0.06609844
GM_1980,0.0027093678,0.010648638,0.10992789,-0.08449607,0.19442397
GM_1981,9.290544e-05,0.0026842034,0.017974028,-0.017863885,0.03583791
GM_1982,0.00047706297,0.0028632572,0.019602189,-0.02409127,0.04369346
GM_1983,-0.015263179,0.011649417,0.022439547,-0.13508289,0.15752244
GM_1984,0.0014462606,0.008130591,0.10952518,-0.05387032,0.1633955
GM_1985,-0.00038671657,0.007541366,0.04314763,-0.046846695,0.089994326
GM_1986,0.000810557,0.004631163,0.03916419,-0.025206396,0.06437059
GM_1987,-0.0010820468,0.003515694,0.045248132,-0.089521036,0.13476917
GM_1988,-0.0015691585,0.0071461713,0.04452016,-0.038694218,0.08321437
GM_1989,0.00094993203,0.0042984514,0.033017077,-0.0263712,0.059388276
GM_1990,0.002939427,0.0060639447,0.08165638,-0.067268945,0.14892533
GM_1991,0.0006059728,0.0056565762,0.08554879,-0.032892685,0.11844148
GM_1992,-0.0013472827,0.0025959073,0.0420605,-0.016807828,0.058868326
GM_1993,0.0016250527,0.0052105174,0.09129553,-0.027028067,0.1183236
GM_1994,2.689026e-06,0.0048147743,0.02768938,-0.039141446,0.06683083
GM_1995,-0.0027494282,0.009226028,0.0542564,-0.057900056,0.11215645
GM_1996,0.0007079873,0.0077637886,0.07131239,-0.0611591,0.13247149
GM_1997,-0.0006290774,0.005091647,0.03051474,-0.050054725,0.08056946
GM_1998,-9.9188976e-05,0.0061640916,0.03412402,-0.044867128,0.078991145
GM_1999,-0.003673501,0.0060177594,0.035052285,-0.05859678,0.09364906
GM_2000,0.0008245707,0.0071035814,0.059887867,-0.04396638,0.10385425
GM_2001,0.0066651492,0.009065949,0.076489136,-0.04430803,0.120797165
GM_2002,-0.002991188,0.004773648,0.030775234,-0.075661205,0.10643644
GM_2003,-0.0003312268,0.00050766155,0.0019559541,-0.005324019,0.0072799735
GM_2004,-0.0011597449,0.004511948,0.061730035,-0.052149378,0.11387941
GM_2005,0.00077702425,0.0062124836,0.04852197,-0.052884117,0.10140608
GM_2006,0.0029142732,0.004041238,0.054265603,-0.013840642,0.06810625
GM_2007,0.0010338398,0.0058980165,0.04475071,-0.047443178,0.09219389
GM_2008,0.00023773903,0.0019303021,0.014949211,-0.014057839,0.029007051
GM_2009,-0.0012098018,0.0020618096,0.009014797,-0.028001063,0.03701586
GM_2010,0.022619115,0.014984907,0.13627787,-0.015689082,0.15196696
GM_2011,-0.00014595583,0.004940417,0.035245802,-0.03824456,0.07349037
GM_2012,0.004186943,0.0061642546,0.06621413,-0.024796285,0.091010414
GM_2013,0.003771519,0.008391213,0.0772492,-0.048686475,0.12593567
GM_2014,-0.00084745203,0.0057907044,0.06707925,-0.043505218,0.11058447
GM_2015,0.0029481116,0.0050378214,0.04979183,-0.016993871,0.0667857
GM_2016,-0.0020730833,0.0047714342,0.019547528,-0.052965757,0.07251328
GM_2017,-0.0022910263,0.0045712087,0.02295451,-0.036128428,0.05908294
GM_2018,0.00765623,0.0066789496,0.08591597,-0.015007297,0.10092326
GM_2019,-0.0015992549,0.004773869,0.037623007,-0.030526979,0.068149984
GM_2020,-0.00023103604,0.006313202,0.031444836,-0.05687362,0.08831845
GM_2021,0.001379258,0.004528944,0.0506367,-0.027285796,0.07792249
GM_2022,0.0054414137,0.0069894837,0.13923228,-0.017209167,0.15644145
GM_2023,0.0011537358,0.0044613453,0.055844456,-0.022276117,0.078120574
GM_2024,0.0009521951,0.0074336976,0.055697285,-0.051326796,0.10702408
GM_2025,0.0018776391,0.0052413847,0.108617574,-0.017803604,0.12642118
GM_2026,-0.002411648,0.0073917424,0.052758593,-0.04970223,0.102460824
GM_2027,0.0015671888,0.0039539863,0.0339579,-0.018507333,0.05246523
GM_2028,0.0027568662,0.0047006127,0.045687534,-0.038426556,0.08411409
GM_2029,-0.0013006434,0.0038798098,0.016773427,-0.045005575,0.061779
GM_2030,0.0015283723,0.00477832,0.048511274,-0.025825161,0.07433644
GM_2031,0.0028504964,0.0062521575,0.043495778,-0.041247956,0.08474374
GM_2032,-0.0018264925,0.0059568337,0.03152092,-0.037850402,0.06937133
GM_2033,-0.0052777207,0.011322549,0.036879867,-0.13120869,0.16808856
GM_2034,0.0024046735,0.0052894126,0.042292174,-0.029638683,0.071930856
GM_2035,0.002046948,0.005853853,0.04159228,-0.031154089,0.072746366
GM_2036,-0.0013757787,0.0051263967,0.026716452,-0.04812547,0.07484192
GM_2037,0.0028039762,0.0061893524,0.049705617,-0.04031765,0.090023264
GM_2038,0.003005868,0.0053507243,0.06249748,-0.031675514,0.094173
GM_2039,-0.0010094555,0.004138531,0.025359288,-0.0636472,0.08900649
GM_2040,-7.7417746e-05,0.004968838,0.036454342,-0.042933885,0.07938823
GM_2041,-0.053970598,0.040651865,0.01577085,-0.2823039,0.29807475
GM_2042,-0.0011677815,0.0062028533,0.04099516,-0.055167615,0.09616277
GM_2043,0.0027614618,0.003559859,0.046941575,-0.019591078,0.06653266
GM_2044,-0.00034606014,0.007084469,0.045101874,-0.061972503,0.10707438
GM_2045,0.0033629127,0.0067499075,0.07312925,-0.035738576,0.108867824
GM_2046,-0.0038620504,0.0049137906,0.016341696,-0.04456029,0.060901985
GM_2047,-0.002684694,0.0046445476,0.047042437,-0.039596375,0.08663881
